-- --------------------------------------------------------
-- Host:                         127.0.0.1
-- Versión del servidor:         5.7.36 - MySQL Community Server (GPL)
-- SO del servidor:              Win64
-- HeidiSQL Versión:             12.1.0.6537
-- --------------------------------------------------------

/*!40101 SET @OLD_CHARACTER_SET_CLIENT=@@CHARACTER_SET_CLIENT */;
/*!40101 SET NAMES utf8 */;
/*!50503 SET NAMES utf8mb4 */;
/*!40103 SET @OLD_TIME_ZONE=@@TIME_ZONE */;
/*!40103 SET TIME_ZONE='+00:00' */;
/*!40014 SET @OLD_FOREIGN_KEY_CHECKS=@@FOREIGN_KEY_CHECKS, FOREIGN_KEY_CHECKS=0 */;
/*!40101 SET @OLD_SQL_MODE=@@SQL_MODE, SQL_MODE='NO_AUTO_VALUE_ON_ZERO' */;
/*!40111 SET @OLD_SQL_NOTES=@@SQL_NOTES, SQL_NOTES=0 */;

-- Volcando estructura para tabla konecta.admin_acceso
CREATE TABLE IF NOT EXISTS `admin_acceso` (
  `codigo` char(1) NOT NULL,
  `descripcion` varchar(45) NOT NULL,
  PRIMARY KEY (`codigo`)
) ENGINE=InnoDB DEFAULT CHARSET=utf8;

-- Volcando datos para la tabla konecta.admin_acceso: ~8 rows (aproximadamente)
INSERT INTO `admin_acceso` (`codigo`, `descripcion`) VALUES
	('1', 'Publico - Todos (Sin loguear y logueados)'),
	('2', 'Solo usuarios sin loguear'),
	('3', 'Solo usuarios logueados'),
	('4', 'Estudiantes'),
	('5', 'Docentes'),
	('6', 'Administrativos'),
	('7', 'Asignación por roles'),
	('8', 'Prohibido');

-- Volcando estructura para tabla konecta.admin_accion
CREATE TABLE IF NOT EXISTS `admin_accion` (
  `id` int(11) NOT NULL AUTO_INCREMENT,
  `menu` varchar(100) NOT NULL,
  `accion` varchar(60) NOT NULL,
  `tipo_accion` varchar(50) NOT NULL,
  `archivo` varchar(100) NOT NULL,
  `requiere_permiso` char(1) NOT NULL DEFAULT 'S',
  `descripcion` blob,
  `fechar` timestamp NOT NULL DEFAULT CURRENT_TIMESTAMP,
  PRIMARY KEY (`id`),
  UNIQUE KEY `menu_accion_pkey` (`id`),
  UNIQUE KEY `menu_accion_cod_menu_nombre_acc` (`menu`,`accion`) USING BTREE,
  KEY `admin_menu_accion_fk1_idx` (`menu`),
  KEY `admin_menu_accion_fk2_idx` (`tipo_accion`),
  CONSTRAINT `admin_menu_accion_fk1` FOREIGN KEY (`menu`) REFERENCES `admin_menu` (`menu`) ON DELETE CASCADE ON UPDATE CASCADE,
  CONSTRAINT `admin_menu_accion_fk2` FOREIGN KEY (`tipo_accion`) REFERENCES `admin_tipo_accion` (`codigo`)
) ENGINE=InnoDB AUTO_INCREMENT=4658 DEFAULT CHARSET=utf8;

-- Volcando datos para la tabla konecta.admin_accion: ~89 rows (aproximadamente)
INSERT INTO `admin_accion` (`id`, `menu`, `accion`, `tipo_accion`, `archivo`, `requiere_permiso`, `descripcion`, `fechar`) VALUES
	(1, 'inicio', 'ver', 'pagina', 'inicio.php', 'N', _binary 0x30, '2020-06-06 23:47:41'),
	(2, 'cerrar-sesion', 'cerrarSesion', 'json', 'cerrar_sesion.php', 'S', _binary 0x30, '2020-06-06 23:47:41'),
	(3, 'iniciar-sesion', 'ver', 'pagina', 'iniciar_sesion.php', 'N', _binary 0x30, '2020-06-06 23:47:41'),
	(4, 'iniciar-sesion', 'iniciar', 'json', 'acciones.php', 'S', _binary 0x30, '2020-06-06 23:47:41'),
	(1133, 'roles', 'agregar', 'json', 'acciones.php', 'S', _binary 0x30, '2020-06-06 23:47:41'),
	(1134, 'roles', 'asignar', 'json', 'acciones.php', 'N', _binary 0x30, '2020-06-06 23:47:41'),
	(1135, 'roles', 'eliminar', 'json', 'acciones.php', 'S', _binary 0x30, '2020-06-06 23:47:41'),
	(1136, 'roles', 'listar', 'json', 'acciones.php', 'N', _binary 0x30, '2020-06-06 23:47:41'),
	(1137, 'roles', 'modificar', 'json', 'acciones.php', 'S', _binary 0x30, '2020-06-06 23:47:41'),
	(1138, 'roles', 'ver', 'pagina', 'index.php', 'N', _binary 0x30, '2020-06-06 23:47:41'),
	(1139, 'permisos-por-rol', 'cargar', 'json', 'acciones.php', 'S', _binary 0x30, '2020-06-06 23:47:41'),
	(1140, 'permisos-por-rol', 'guardar', 'json', 'acciones.php', 'S', _binary 0x30, '2020-06-06 23:47:41'),
	(1141, 'permisos-por-rol', 'ver', 'pagina', 'index.php', 'N', _binary 0x30, '2020-06-06 23:47:41'),
	(1182, 'cambiar-clave', 'ver', 'pagina', 'index.php', 'N', _binary 0x30, '2020-06-06 23:47:41'),
	(1183, 'cambiar-clave', 'cambiar', 'json', 'acciones.php', 'S', _binary 0x30, '2020-06-06 23:47:41'),
	(1403, 'crear-formulario-crud', 'ver', 'pagina', 'formulario.php', 'N', _binary 0x30, '2020-06-06 23:47:41'),
	(1405, 'crear-formulario-crud', 'cargarInfoFormulario', 'html', 'acciones.php', 'N', _binary 0x30, '2020-06-06 23:47:41'),
	(1406, 'crear-formulario-crud', 'generar', 'json', 'acciones.php', 'N', _binary 0x30, '2020-06-06 23:47:41'),
	(1407, 'crear-formulario-crud', 'verificar', 'html', 'acciones.php', 'N', _binary 0x30, '2020-06-06 23:47:41'),
	(1640, 'crear-formulario-libre', 'ver', 'pagina', 'formulario.php', 'S', _binary 0x30, '2020-06-06 23:47:41'),
	(1641, 'crear-formulario-libre', 'generar', 'json', 'acciones.php', 'N', _binary 0x30, '2020-06-06 23:47:41'),
	(1642, 'crear-formulario-libre', 'verificar', 'json', 'acciones.php', 'S', _binary 0x30, '2020-06-06 23:47:41'),
	(1793, 'crear-reporte', 'ver', 'pagina', 'formulario.php', 'N', _binary 0x30, '2020-06-06 23:47:41'),
	(1794, 'crear-reporte', 'generar', 'json', 'acciones.php', 'N', _binary 0x30, '2020-06-06 23:47:41'),
	(1795, 'crear-reporte', 'verificar', 'json', 'acciones.php', 'N', _binary 0x30, '2020-06-06 23:47:41'),
	(1796, 'crear-reporte', 'cargarCampos', 'html', 'acciones.php', 'N', _binary 0x30, '2020-06-06 23:47:41'),
	(1797, 'crear-reporte', 'vistaPrevia', 'descarga', 'vista_previa.php', 'N', _binary 0x30, '2020-06-06 23:47:41'),
	(1855, 'usuarios', 'agregar', 'json', 'acciones.php', 'S', _binary 0x30, '2020-06-06 23:47:41'),
	(1856, 'usuarios', 'modificar', 'json', 'acciones.php', 'S', _binary 0x30, '2020-06-06 23:47:41'),
	(1857, 'usuarios', 'eliminar', 'json', 'acciones.php', 'S', _binary 0x30, '2020-06-06 23:47:41'),
	(1858, 'usuarios', 'listar', 'json', 'acciones.php', 'N', _binary 0x30, '2020-06-06 23:47:41'),
	(1859, 'usuarios', 'asignar', 'json', 'acciones.php', 'N', _binary 0x30, '2020-06-06 23:47:41'),
	(1860, 'usuarios', 'ver', 'pagina', 'formulario.php', 'S', _binary 0x30, '2020-06-06 23:47:41'),
	(1861, 'usuarios', 'listarPersonas', 'json', 'acciones.php', 'N', _binary 0x30, '2020-06-06 23:47:41'),
	(1862, 'gestion-de-acciones', 'agregar', 'json', 'acciones.php', 'N', _binary 0x30, '2020-06-06 23:47:41'),
	(1863, 'gestion-de-acciones', 'modificar', 'json', 'acciones.php', 'S', _binary 0x30, '2020-06-06 23:47:41'),
	(1864, 'gestion-de-acciones', 'eliminar', 'json', 'acciones.php', 'S', _binary 0x30, '2020-06-06 23:47:41'),
	(1865, 'gestion-de-acciones', 'listar', 'json', 'acciones.php', 'N', _binary 0x30, '2020-06-06 23:47:41'),
	(1866, 'gestion-de-acciones', 'asignar', 'json', 'acciones.php', 'N', _binary 0x30, '2020-06-06 23:47:41'),
	(1867, 'gestion-de-acciones', 'ver', 'pagina', 'formulario.php', 'S', _binary 0x30, '2020-06-06 23:47:41'),
	(1868, 'cerrar-sesion', 'd', 'html', 'd', 'N', _binary 0x30, '2020-06-06 23:47:41'),
	(1870, 'cambiar-clave', 'f', 'html', 'f', 'N', _binary 0x30, '2020-06-06 23:47:41'),
	(1873, 'cambiar-clave', 'ff', 'html', 'f', 'N', _binary 0x30, '2020-06-06 23:47:41'),
	(1910, 'gestion-menu', 'agregar', 'json', 'acciones.php', 'S', _binary 0x30, '2020-06-06 23:47:41'),
	(1911, 'gestion-menu', 'modificar', 'json', 'acciones.php', 'S', _binary 0x30, '2020-06-06 23:47:41'),
	(1912, 'gestion-menu', 'eliminar', 'json', 'acciones.php', 'S', _binary 0x30, '2020-06-06 23:47:41'),
	(1913, 'gestion-menu', 'listar', 'json', 'acciones.php', 'N', _binary 0x30, '2020-06-06 23:47:41'),
	(1914, 'gestion-menu', 'asignar', 'json', 'acciones.php', 'N', _binary 0x30, '2020-06-06 23:47:41'),
	(1915, 'gestion-menu', 'ver', 'pagina', 'formulario.php', 'S', _binary 0x30, '2020-06-06 23:47:41'),
	(2009, 'perfil', 'ver', 'pagina', 'formulario.php', 'S', _binary 0x30, '2020-06-06 23:47:41'),
	(2010, 'perfil', 'aceptar', 'json', 'acciones.php', 'S', _binary 0x30, '2020-06-06 23:47:41'),
	(2413, 'perfil', 'cambiar_clave', 'json', 'acciones.php', 'N', _binary 0x30, '2020-06-06 23:47:41'),
	(2414, 'perfil', 'cambiar_foto', 'json', 'acciones.php', 'N', _binary 0x30, '2020-06-06 23:47:41'),
	(2821, 'perfil', 'cambiar_firma', 'json', 'acciones.php', 'N', _binary 0x30, '2020-06-06 23:47:41'),
	(2949, 'inicio', 'set_token', 'json', 'acciones.php', 'N', _binary 0x30, '2020-06-06 23:47:41'),
	(3036, 'buscar', 'ver', 'pagina', 'formulario.php', 'S', _binary 0x30, '2020-06-06 23:47:41'),
	(3037, 'buscar', 'aceptar', 'json', 'acciones.php', 'S', _binary 0x30, '2020-06-06 23:47:41'),
	(4178, 'iniciar-sesion', 'set_login', 'json', 'acciones.php', 'N', NULL, '2020-06-07 01:50:38'),
	(4185, 'si-no', 'agregar', 'json', 'acciones.php', 'S', _binary 0x5065726d697465206167726567617220726567697374726f7320656e206c612062617365206465206461746f73, '2020-06-11 22:16:41'),
	(4186, 'si-no', 'eliminar', 'json', 'acciones.php', 'S', _binary 0x5065726d69746520656c696d696e617220726567697374726f7320656e206c612062617365206465206461746f73, '2020-06-11 22:16:41'),
	(4187, 'si-no', 'listar', 'json', 'acciones.php', 'N', _binary 0x5065726d6974652063617267617220656c2047524944206465736465206c612062617365206465206461746f73, '2020-06-11 22:16:41'),
	(4188, 'si-no', 'asignar', 'json', 'acciones.php', 'N', _binary 0x5065726d697465206f6274656e6572207920666f726d6174656172206c617320636f6e73756c7461732061206c612062617365206465206461746f73, '2020-06-11 22:16:41'),
	(4189, 'si-no', 'ver', 'pagina', 'formulario.php', 'S', _binary 0x5065726d69746520636172676172206c612076697374612064656c20666f726d756c6172696f20284d564329, '2020-06-11 22:16:41'),
	(4294, 'inicio', 'get_token', 'json', 'graficas.php', 'N', _binary 0x5065726d697465207265616c697a617220756e6120726573657276612072c3a17069646120646520756e612073616c612e, '2020-09-16 05:26:27'),
	(4295, 'inicio', 'listarPersonas', 'json', 'graficas.php', 'N', _binary 0x5065726d697465207265616c697a617220756e61207265736572766120646573646520656c206173697374656e74652e, '2020-09-16 05:26:58'),
	(4296, 'inicio', 'aceptar', 'json', 'graficas.php', 'N', _binary 0x5265746f726e6120656c206c69737461646f20646520726573657276617320646520756e207573756172696f2e, '2020-09-16 05:27:33'),
	(4596, 'inicio', 'graficar', 'json', 'graficas.php', 'N', NULL, '2021-05-12 01:14:20'),
	(4597, 'inicio', 'set_filtros', 'json', 'graficas.php', 'N', NULL, '2021-05-15 12:55:22'),
	(4598, 'iniciar-sesion', 'restaurar', 'json', 'restaurar.php', 'N', NULL, '2021-05-15 13:46:39'),
	(4599, 'iniciar-sesion', 'validar_codigo', 'json', 'restaurar.php', 'N', NULL, '2021-05-15 13:47:05'),
	(4600, 'inicio', 'ver_mas', 'json', 'acciones_listar.php', 'N', NULL, '2021-05-15 12:55:22'),
	(4601, 'inicio', 'graficar_pie', 'json', 'graficas.php', 'N', NULL, '2021-05-15 12:55:22'),
	(4602, 'inicio', 'ver_mas_usuarios', 'json', 'acciones_listar.php', 'N', NULL, '2021-05-15 12:55:22'),
	(4632, 'productos', 'agregar', 'json', 'acciones.php', 'S', _binary 0x5065726d697465206167726567617220726567697374726f7320656e206c612062617365206465206461746f73, '2022-11-18 18:01:35'),
	(4633, 'productos', 'modificar', 'json', 'acciones.php', 'S', _binary 0x5065726d697465206d6f6469666963617220726567697374726f7320656e206c612062617365206465206461746f73, '2022-11-18 18:01:35'),
	(4634, 'productos', 'eliminar', 'json', 'acciones.php', 'S', _binary 0x5065726d69746520656c696d696e617220726567697374726f7320656e206c612062617365206465206461746f73, '2022-11-18 18:01:35'),
	(4635, 'productos', 'listar', 'json', 'acciones.php', 'N', _binary 0x5065726d6974652063617267617220656c2047524944206465736465206c612062617365206465206461746f73, '2022-11-18 18:01:35'),
	(4636, 'productos', 'asignar', 'json', 'acciones.php', 'N', _binary 0x5065726d697465206f6274656e6572207920666f726d6174656172206c617320636f6e73756c7461732061206c612062617365206465206461746f73, '2022-11-18 18:01:35'),
	(4637, 'productos', 'ver', 'pagina', 'formulario.php', 'S', _binary 0x5065726d69746520636172676172206c612076697374612064656c20666f726d756c6172696f20284d564329, '2022-11-18 18:01:35'),
	(4638, 'detalle-compra', 'ver', 'pagina', 'formulario.php', 'S', _binary 0x5065726d69746520636172676172206c612076697374612064656c20666f726d756c6172696f20284d564329, '2022-11-18 20:23:07'),
	(4639, 'detalle-compra', 'aceptar', 'json', 'acciones.php', 'S', _binary 0x41636570746172, '2022-11-18 20:23:08'),
	(4646, 'categoria', 'agregar', 'json', 'acciones.php', 'S', _binary 0x5065726d697465206167726567617220726567697374726f7320656e206c612062617365206465206461746f73, '2022-11-19 01:19:50'),
	(4647, 'categoria', 'modificar', 'json', 'acciones.php', 'S', _binary 0x5065726d697465206d6f6469666963617220726567697374726f7320656e206c612062617365206465206461746f73, '2022-11-19 01:19:50'),
	(4648, 'categoria', 'eliminar', 'json', 'acciones.php', 'S', _binary 0x5065726d69746520656c696d696e617220726567697374726f7320656e206c612062617365206465206461746f73, '2022-11-19 01:19:50'),
	(4649, 'categoria', 'listar', 'json', 'acciones.php', 'N', _binary 0x5065726d6974652063617267617220656c2047524944206465736465206c612062617365206465206461746f73, '2022-11-19 01:19:50'),
	(4650, 'categoria', 'asignar', 'json', 'acciones.php', 'N', _binary 0x5065726d697465206f6274656e6572207920666f726d6174656172206c617320636f6e73756c7461732061206c612062617365206465206461746f73, '2022-11-19 01:19:50'),
	(4651, 'categoria', 'ver', 'pagina', 'formulario.php', 'S', _binary 0x5065726d69746520636172676172206c612076697374612064656c20666f726d756c6172696f20284d564329, '2022-11-19 01:19:50'),
	(4652, 'unidad-masa', 'agregar', 'json', 'acciones.php', 'S', _binary 0x5065726d697465206167726567617220726567697374726f7320656e206c612062617365206465206461746f73, '2022-11-19 01:54:59'),
	(4653, 'unidad-masa', 'modificar', 'json', 'acciones.php', 'S', _binary 0x5065726d697465206d6f6469666963617220726567697374726f7320656e206c612062617365206465206461746f73, '2022-11-19 01:54:59'),
	(4654, 'unidad-masa', 'eliminar', 'json', 'acciones.php', 'S', _binary 0x5065726d69746520656c696d696e617220726567697374726f7320656e206c612062617365206465206461746f73, '2022-11-19 01:54:59'),
	(4655, 'unidad-masa', 'listar', 'json', 'acciones.php', 'N', _binary 0x5065726d6974652063617267617220656c2047524944206465736465206c612062617365206465206461746f73, '2022-11-19 01:54:59'),
	(4656, 'unidad-masa', 'asignar', 'json', 'acciones.php', 'N', _binary 0x5065726d697465206f6274656e6572207920666f726d6174656172206c617320636f6e73756c7461732061206c612062617365206465206461746f73, '2022-11-19 01:54:59'),
	(4657, 'unidad-masa', 'ver', 'pagina', 'formulario.php', 'S', _binary 0x5065726d69746520636172676172206c612076697374612064656c20666f726d756c6172696f20284d564329, '2022-11-19 01:54:59');

-- Volcando estructura para tabla konecta.admin_bitacoras_sistema
CREATE TABLE IF NOT EXISTS `admin_bitacoras_sistema` (
  `id` int(11) NOT NULL AUTO_INCREMENT,
  `id_tipo_bitacora` int(11) NOT NULL,
  `datos_anteriores` text NOT NULL,
  `datos_insertados` text NOT NULL,
  `observacion` varchar(245) NOT NULL,
  `menu` varchar(245) NOT NULL,
  `id_usuario` int(11) NOT NULL,
  `fechar` timestamp NOT NULL DEFAULT CURRENT_TIMESTAMP ON UPDATE CURRENT_TIMESTAMP,
  PRIMARY KEY (`id`),
  KEY `id_tipo_bitacora` (`id_tipo_bitacora`)
) ENGINE=InnoDB AUTO_INCREMENT=29 DEFAULT CHARSET=utf8;

-- Volcando datos para la tabla konecta.admin_bitacoras_sistema: ~4 rows (aproximadamente)
INSERT INTO `admin_bitacoras_sistema` (`id`, `id_tipo_bitacora`, `datos_anteriores`, `datos_insertados`, `observacion`, `menu`, `id_usuario`, `fechar`) VALUES
	(8, 1, 'b:0;', 'a:7:{s:15:"nombre_producto";s:2:"yy";s:10:"referencia";s:4:"gggg";s:6:"precio";s:4:"3333";s:4:"peso";s:5:"44444";s:12:"id_categoria";s:1:"1";s:5:"stock";s:5:"44444";s:14:"fecha_creacion";s:10:"2022-11-24";}', 'Registro agregado con éxito', 'productos', 1, '2022-11-18 18:06:41'),
	(9, 2, 'a:8:{s:2:"id";s:1:"2";s:15:"nombre_producto";s:2:"yy";s:10:"referencia";s:4:"gggg";s:6:"precio";s:4:"3333";s:4:"peso";s:5:"44444";s:12:"id_categoria";s:1:"1";s:5:"stock";s:5:"44444";s:14:"fecha_creacion";s:10:"2022-11-24";}', 'b:0;', 'Registro eliminado con éxito.', 'productos', 1, '2022-11-18 18:14:57'),
	(10, 1, 'b:0;', 'a:8:{s:15:"nombre_producto";s:5:"ddddd";s:10:"referencia";s:6:"ffffff";s:6:"precio";s:2:"33";s:4:"peso";s:3:"333";s:14:"id_unidad_masa";s:1:"1";s:12:"id_categoria";s:1:"1";s:5:"stock";s:3:"333";s:14:"fecha_creacion";s:10:"2022-11-24";}', 'Registro agregado con éxito', 'productos', 1, '2022-11-18 19:49:16'),
	(11, 3, 'a:12:{s:2:"id";s:3:"544";s:4:"menu";s:14:"detalle-compra";s:5:"padre";s:13:"datos-basicos";s:6:"nombre";s:20:"Detalle de la compra";s:4:"ruta";s:29:"modulos/inicio/detalle_compra";s:6:"accion";s:3:"ver";s:5:"orden";s:1:"1";s:7:"visible";s:1:"S";s:6:"acceso";s:1:"7";s:6:"target";N;s:11:"descripcion";s:10:"Permite...";s:5:"icono";N;}', 'a:12:{s:2:"id";i:544;s:4:"menu";s:14:"detalle-compra";s:5:"padre";s:4:"NULL";s:6:"nombre";s:20:"Detalle de la compra";s:4:"ruta";s:29:"modulos/inicio/detalle_compra";s:6:"accion";s:3:"ver";s:5:"orden";s:1:"1";s:7:"visible";s:1:"S";s:6:"acceso";s:1:"7";s:6:"target";s:4:"NULL";s:5:"icono";s:4:"NULL";s:11:"descripcion";s:10:"Permite...";}', 'Registro modificado con éxito.', 'gestion-menu', 1, '2022-11-18 20:24:15'),
	(12, 2, 'a:12:{s:2:"id";s:3:"540";s:4:"menu";s:12:"select_admin";s:5:"padre";s:13:"datos-basicos";s:6:"nombre";s:12:"Select Admin";s:4:"ruta";N;s:6:"accion";s:3:"ver";s:5:"orden";s:1:"1";s:7:"visible";s:1:"S";s:6:"acceso";s:1:"7";s:6:"target";N;s:11:"descripcion";N;s:5:"icono";N;}', 'b:0;', 'Cannot delete or update a parent row: a foreign key constraint fails (`konecta`.`admin_menu`, CONSTRAINT `admin_menu_fk3` FOREIGN KEY (`padre`) REFERENCES `admin_menu` (`menu`) ON UPDATE CASCADE)', 'gestion-menu', 1, '2022-11-19 01:15:03'),
	(13, 2, 'a:12:{s:2:"id";s:3:"542";s:4:"menu";s:7:"cholito";s:5:"padre";s:12:"select_admin";s:6:"nombre";s:5:"Cholo";s:4:"ruta";s:26:"modulos/select_admin/cholo";s:6:"accion";s:3:"ver";s:5:"orden";s:1:"1";s:7:"visible";s:1:"S";s:6:"acceso";s:1:"7";s:6:"target";N;s:11:"descripcion";s:10:"Permite---";s:5:"icono";N;}', 'b:0;', 'Registro eliminado con éxito.', 'gestion-menu', 1, '2022-11-19 01:15:21'),
	(14, 2, 'a:12:{s:2:"id";s:3:"541";s:4:"menu";s:13:"time-festivos";s:5:"padre";s:12:"select_admin";s:6:"nombre";s:13:"Time festivos";s:4:"ruta";s:34:"modulos/select_admin/time_festivos";s:6:"accion";s:3:"ver";s:5:"orden";s:1:"1";s:7:"visible";s:1:"S";s:6:"acceso";s:1:"7";s:6:"target";N;s:11:"descripcion";s:10:"Permite...";s:5:"icono";N;}', 'b:0;', 'Registro eliminado con éxito.', 'gestion-menu', 1, '2022-11-19 01:15:35'),
	(15, 2, 'a:12:{s:2:"id";s:3:"540";s:4:"menu";s:12:"select_admin";s:5:"padre";s:13:"datos-basicos";s:6:"nombre";s:12:"Select Admin";s:4:"ruta";N;s:6:"accion";s:3:"ver";s:5:"orden";s:1:"1";s:7:"visible";s:1:"S";s:6:"acceso";s:1:"7";s:6:"target";N;s:11:"descripcion";N;s:5:"icono";N;}', 'b:0;', 'Registro eliminado con éxito.', 'gestion-menu', 1, '2022-11-19 01:15:55'),
	(16, 3, 'a:12:{s:2:"id";s:3:"544";s:4:"menu";s:14:"detalle-compra";s:5:"padre";N;s:6:"nombre";s:20:"Detalle de la compra";s:4:"ruta";s:29:"modulos/inicio/detalle_compra";s:6:"accion";s:3:"ver";s:5:"orden";s:1:"1";s:7:"visible";s:1:"S";s:6:"acceso";s:1:"7";s:6:"target";N;s:11:"descripcion";s:10:"Permite...";s:5:"icono";N;}', 'a:12:{s:2:"id";i:544;s:4:"menu";s:14:"detalle-compra";s:5:"padre";s:4:"NULL";s:6:"nombre";s:20:"Detalle de la compra";s:4:"ruta";s:29:"modulos/inicio/detalle_compra";s:6:"accion";s:3:"ver";s:5:"orden";s:1:"1";s:7:"visible";s:1:"N";s:6:"acceso";s:1:"7";s:6:"target";s:4:"NULL";s:5:"icono";s:4:"NULL";s:11:"descripcion";s:10:"Permite...";}', 'Registro modificado con éxito.', 'gestion-menu', 1, '2022-11-19 01:16:21'),
	(17, 1, 'b:0;', 'a:2:{s:6:"nombre";s:6:"Carnes";s:7:"visible";s:1:"1";}', 'Registro agregado con éxito', 'categoria', 1, '2022-11-19 01:20:32'),
	(18, 3, 'a:4:{s:2:"id";s:1:"5";s:6:"nombre";s:8:"CONSULTA";s:8:"_usuario";s:10:"1077461284";s:6:"_fecha";s:19:"2020-09-15 11:06:22";}', 'a:4:{s:2:"id";i:5;s:6:"nombre";s:6:"PRUEBA";s:8:"_usuario";s:10:"1234567890";s:6:"_fecha";s:19:"2022-11-18 20:23:40";}', 'Registro modificado con éxito.', 'roles', 1, '2022-11-19 01:23:40'),
	(19, 1, 'b:0;', 'a:4:{s:10:"persona_id";s:1:"2";s:3:"rol";s:1:"5";s:8:"_usuario";s:10:"1234567890";s:6:"_fecha";s:19:"2022-11-18 20:25:01";}', 'Registro agregado con éxito', 'usuarios', 1, '2022-11-19 01:25:01'),
	(20, 2, 'a:9:{s:2:"id";s:1:"3";s:15:"nombre_producto";s:5:"ddddd";s:10:"referencia";s:6:"ffffff";s:6:"precio";s:2:"33";s:4:"peso";s:3:"333";s:14:"id_unidad_masa";s:1:"1";s:12:"id_categoria";s:1:"1";s:5:"stock";s:3:"310";s:14:"fecha_creacion";s:10:"2022-11-24";}', 'b:0;', 'Registro eliminado con éxito.', 'productos', 2, '2022-11-19 01:49:10'),
	(21, 2, 'a:9:{s:2:"id";s:1:"1";s:15:"nombre_producto";s:6:"xxxxxx";s:10:"referencia";s:8:"xxxxxxxx";s:6:"precio";s:2:"44";s:4:"peso";s:2:"11";s:14:"id_unidad_masa";s:1:"1";s:12:"id_categoria";s:1:"1";s:5:"stock";s:1:"0";s:14:"fecha_creacion";s:10:"2022-11-18";}', 'b:0;', 'Registro eliminado con éxito.', 'productos', 2, '2022-11-19 01:49:20'),
	(22, 1, 'b:0;', 'a:8:{s:15:"nombre_producto";s:5:"Yogur";s:10:"referencia";s:24:"Producto de marca alpina";s:6:"precio";s:3:"500";s:4:"peso";s:2:"10";s:14:"id_unidad_masa";s:1:"1";s:12:"id_categoria";s:1:"1";s:5:"stock";s:1:"4";s:14:"fecha_creacion";s:10:"2022-11-24";}', 'Registro agregado con éxito', 'productos', 2, '2022-11-19 01:52:49'),
	(23, 1, 'b:0;', 'a:3:{s:6:"nombre";s:5:"Libra";s:5:"sigla";s:2:"Lb";s:7:"visible";s:1:"1";}', 'Registro agregado con éxito', 'unidad-masa', 1, '2022-11-19 01:55:53'),
	(24, 1, 'b:0;', 'a:3:{s:6:"nombre";s:4:"Onza";s:5:"sigla";s:2:"Oz";s:7:"visible";s:1:"1";}', 'Registro agregado con éxito', 'unidad-masa', 1, '2022-11-19 01:57:02'),
	(25, 1, 'b:0;', 'a:3:{s:6:"nombre";s:6:"Prueba";s:5:"sigla";s:1:"p";s:7:"visible";s:1:"2";}', 'Registro agregado con éxito', 'unidad-masa', 1, '2022-11-19 01:58:57'),
	(26, 1, 'b:0;', 'a:8:{s:15:"nombre_producto";s:24:"Xiaomi Redmi 10A 32GB 4G";s:10:"referencia";s:219:"Cuando tienes un universo de tecnología. Financia tu universo de tecnología. Compra Online. 100% digital. Beneficios clientes Claro. Cobertura de seguro: Pregunta frecuentes, Cómo reportar celular, Beneficios ClaroUp";s:6:"precio";s:6:"900000";s:4:"peso";s:1:"9";s:14:"id_unidad_masa";s:1:"3";s:12:"id_categoria";s:1:"1";s:5:"stock";s:1:"4";s:14:"fecha_creacion";s:10:"2022-11-24";}', 'Registro agregado con éxito', 'productos', 1, '2022-11-19 02:04:22'),
	(27, 1, 'b:0;', 'a:2:{s:6:"nombre";s:19:"Teléfono celulares";s:7:"visible";s:1:"1";}', 'Registro agregado con éxito', 'categoria', 1, '2022-11-19 02:05:29'),
	(28, 3, 'a:9:{s:2:"id";s:1:"5";s:15:"nombre_producto";s:24:"Xiaomi Redmi 10A 32GB 4G";s:10:"referencia";s:219:"Cuando tienes un universo de tecnología. Financia tu universo de tecnología. Compra Online. 100% digital. Beneficios clientes Claro. Cobertura de seguro: Pregunta frecuentes, Cómo reportar celular, Beneficios ClaroUp";s:6:"precio";s:6:"900000";s:4:"peso";s:1:"9";s:14:"id_unidad_masa";s:1:"3";s:12:"id_categoria";s:1:"1";s:5:"stock";s:1:"4";s:14:"fecha_creacion";s:10:"2022-11-24";}', 'a:9:{s:2:"id";i:5;s:15:"nombre_producto";s:24:"Xiaomi Redmi 10A 32GB 4G";s:10:"referencia";s:219:"Cuando tienes un universo de tecnología. Financia tu universo de tecnología. Compra Online. 100% digital. Beneficios clientes Claro. Cobertura de seguro: Pregunta frecuentes, Cómo reportar celular, Beneficios ClaroUp";s:6:"precio";s:6:"900000";s:4:"peso";s:1:"9";s:14:"id_unidad_masa";s:1:"3";s:12:"id_categoria";s:1:"3";s:5:"stock";s:1:"4";s:14:"fecha_creacion";s:10:"2022-11-24";}', 'Registro modificado con éxito.', 'productos', 1, '2022-11-19 02:05:49');

-- Volcando estructura para tabla konecta.admin_favoritos
CREATE TABLE IF NOT EXISTS `admin_favoritos` (
  `id` int(11) NOT NULL AUTO_INCREMENT,
  `id_persona` int(11) NOT NULL,
  `id_menu` int(11) NOT NULL,
  PRIMARY KEY (`id`,`id_persona`,`id_menu`)
) ENGINE=InnoDB AUTO_INCREMENT=8 DEFAULT CHARSET=utf8;

-- Volcando datos para la tabla konecta.admin_favoritos: ~0 rows (aproximadamente)

-- Volcando estructura para tabla konecta.admin_log
CREATE TABLE IF NOT EXISTS `admin_log` (
  `id` int(11) NOT NULL AUTO_INCREMENT,
  `id_persona` int(11) NOT NULL,
  `menu` varchar(145) NOT NULL,
  `archivo` varchar(250) NOT NULL,
  `accion` varchar(145) DEFAULT NULL,
  `tipo` int(11) NOT NULL,
  `mensaje` varchar(245) NOT NULL,
  `fechar` timestamp NOT NULL DEFAULT CURRENT_TIMESTAMP,
  PRIMARY KEY (`id`)
) ENGINE=InnoDB AUTO_INCREMENT=991 DEFAULT CHARSET=utf8;

-- Volcando datos para la tabla konecta.admin_log: ~901 rows (aproximadamente)
INSERT INTO `admin_log` (`id`, `id_persona`, `menu`, `archivo`, `accion`, `tipo`, `mensaje`, `fechar`) VALUES
	(1, 1, 'index.php', '404.php', NULL, 2, 'Vinculo no valido !!!', '2021-07-15 14:29:30'),
	(2, 1, 'inicio', 'descarga.php', 'get_token', 1, 'EXITO', '2021-07-15 14:29:30'),
	(3, 1, 'inicio', 'descarga.php', 'set_filtros', 1, 'EXITO', '2021-07-15 14:29:30'),
	(4, 1, 'inicio', 'descarga.php', 'get_token', 1, 'EXITO', '2021-07-15 14:29:30'),
	(5, 1, 'inicio', 'descarga.php', 'get_token', 1, 'EXITO', '2021-07-15 14:42:23'),
	(6, 1, 'inicio', 'descarga.php', 'set_filtros', 1, 'EXITO', '2021-07-15 14:42:23'),
	(7, 1, 'inicio', 'descarga.php', 'get_token', 1, 'EXITO', '2021-07-15 14:42:23'),
	(8, 1, 'inicio', 'descarga.php', 'get_token', 1, 'EXITO', '2021-07-15 14:43:29'),
	(9, 1, 'inicio', 'descarga.php', 'set_filtros', 1, 'EXITO', '2021-07-15 14:43:29'),
	(10, 1, 'inicio', 'descarga.php', 'get_token', 1, 'EXITO', '2021-07-15 14:43:29'),
	(11, 1, 'inicio', 'descarga.php', 'get_token', 1, 'EXITO', '2021-07-15 14:43:48'),
	(12, 1, 'inicio', 'descarga.php', 'set_filtros', 1, 'EXITO', '2021-07-15 14:43:48'),
	(13, 1, 'inicio', 'descarga.php', 'get_token', 1, 'EXITO', '2021-07-15 14:43:48'),
	(14, 1, 'inicio', 'descarga.php', 'get_token', 1, 'EXITO', '2021-07-15 14:59:51'),
	(15, 1, 'inicio', 'descarga.php', 'set_filtros', 1, 'EXITO', '2021-07-15 14:59:51'),
	(16, 1, 'inicio', 'descarga.php', 'get_token', 1, 'EXITO', '2021-07-15 14:59:51'),
	(17, 1, 'inicio', 'descarga.php', 'get_token', 1, 'EXITO', '2021-07-15 15:00:07'),
	(18, 1, 'inicio', 'descarga.php', 'set_filtros', 1, 'EXITO', '2021-07-15 15:00:07'),
	(19, 1, 'inicio', 'descarga.php', 'get_token', 1, 'EXITO', '2021-07-15 15:00:07'),
	(20, 1, 'inicio', 'descarga.php', 'set_filtros', 1, 'EXITO', '2021-07-15 15:02:18'),
	(21, 1, 'inicio', 'descarga.php', 'get_token', 1, 'EXITO', '2021-07-15 15:02:24'),
	(22, 1, 'inicio', 'descarga.php', 'set_filtros', 1, 'EXITO', '2021-07-15 15:02:24'),
	(23, 1, 'inicio', 'descarga.php', 'get_token', 1, 'EXITO', '2021-07-15 15:02:24'),
	(24, 1, 'inicio', 'descarga.php', 'graficar', 1, 'EXITO', '2021-07-15 15:02:24'),
	(25, 1, 'inicio', 'descarga.php', 'get_token', 1, 'EXITO', '2021-07-15 15:04:12'),
	(26, 1, 'inicio', 'descarga.php', 'set_filtros', 1, 'EXITO', '2021-07-15 15:04:12'),
	(27, 1, 'inicio', 'descarga.php', 'get_token', 1, 'EXITO', '2021-07-15 15:04:12'),
	(28, 1, 'inicio', 'descarga.php', 'graficar', 1, 'EXITO', '2021-07-15 15:04:13'),
	(29, 1, 'inicio', 'descarga.php', 'listarPersonas', 1, 'EXITO', '2021-07-15 15:08:32'),
	(30, 1, 'inicio', 'descarga.php', 'listarPersonas', 1, 'EXITO', '2021-07-15 15:08:38'),
	(31, 1, 'inicio', 'descarga.php', 'listarPersonas', 1, 'EXITO', '2021-07-15 15:09:23'),
	(32, 1, 'inicio', 'descarga.php', 'listarPersonas', 1, 'EXITO', '2021-07-15 15:09:51'),
	(33, 1, 'inicio', 'descarga.php', 'listarPersonas', 1, 'EXITO', '2021-07-15 15:11:42'),
	(34, 1, 'inicio', 'descarga.php', 'listarPersonas', 1, 'EXITO', '2021-07-15 15:11:43'),
	(35, 1, 'inicio', 'descarga.php', 'listarPersonas', 1, 'EXITO', '2021-07-15 15:11:49'),
	(36, 1, 'inicio', 'descarga.php', 'get_token', 1, 'EXITO', '2021-07-15 15:12:19'),
	(37, 1, 'inicio', 'descarga.php', 'set_filtros', 1, 'EXITO', '2021-07-15 15:12:19'),
	(38, 1, 'inicio', 'descarga.php', 'get_token', 1, 'EXITO', '2021-07-15 15:12:19'),
	(39, 1, 'inicio', 'descarga.php', 'graficar', 1, 'EXITO', '2021-07-15 15:12:19'),
	(40, 1, 'inicio', 'descarga.php', 'listarPersonas', 1, 'EXITO', '2021-07-15 15:12:24'),
	(41, 1, 'inicio', 'descarga.php', 'listarPersonas', 1, 'EXITO', '2021-07-15 15:12:37'),
	(42, 1, 'inicio', 'descarga.php', 'listarPersonas', 1, 'EXITO', '2021-07-15 15:12:42'),
	(43, 1, 'inicio', 'descarga.php', 'listarPersonas', 1, 'EXITO', '2021-07-15 15:12:49'),
	(44, 1, 'inicio', 'descarga.php', 'listarPersonas', 1, 'EXITO', '2021-07-15 15:12:51'),
	(45, 1, 'inicio', 'descarga.php', 'listarPersonas', 1, 'EXITO', '2021-07-15 15:13:00'),
	(46, 1, 'inicio', 'descarga.php', 'listarPersonas', 1, 'EXITO', '2021-07-15 15:13:03'),
	(47, 1, 'inicio', 'descarga.php', 'listarPersonas', 1, 'EXITO', '2021-07-15 15:13:07'),
	(48, 1, 'inicio', 'descarga.php', 'listarPersonas', 1, 'EXITO', '2021-07-15 15:13:24'),
	(49, 1, 'inicio', 'descarga.php', 'listarPersonas', 1, 'EXITO', '2021-07-15 15:13:27'),
	(50, 1, 'inicio', 'descarga.php', 'listarPersonas', 1, 'EXITO', '2021-07-15 15:13:28'),
	(51, 1, 'inicio', 'descarga.php', 'listarPersonas', 1, 'EXITO', '2021-07-15 15:13:31'),
	(52, 1, 'inicio', 'descarga.php', 'listarPersonas', 1, 'EXITO', '2021-07-15 15:13:32'),
	(53, 1, 'inicio', 'descarga.php', 'get_token', 1, 'EXITO', '2021-07-15 15:27:31'),
	(54, 1, 'inicio', 'descarga.php', 'set_filtros', 1, 'EXITO', '2021-07-15 15:27:31'),
	(55, 1, 'inicio', 'descarga.php', 'get_token', 1, 'EXITO', '2021-07-15 15:27:31'),
	(56, 1, 'inicio', 'descarga.php', 'graficar', 1, 'EXITO', '2021-07-15 15:27:31'),
	(57, 1, 'inicio', 'descarga.php', 'get_token', 1, 'EXITO', '2021-07-15 15:27:55'),
	(58, 1, 'inicio', 'descarga.php', 'set_filtros', 1, 'EXITO', '2021-07-15 15:27:55'),
	(59, 1, 'inicio', 'descarga.php', 'get_token', 1, 'EXITO', '2021-07-15 15:27:55'),
	(60, 1, 'inicio', 'descarga.php', 'graficar', 1, 'EXITO', '2021-07-15 15:27:55'),
	(61, 1, 'inicio', 'descarga.php', 'get_token', 1, 'EXITO', '2021-07-15 15:30:05'),
	(62, 1, 'inicio', 'descarga.php', 'set_filtros', 1, 'EXITO', '2021-07-15 15:30:05'),
	(63, 1, 'inicio', 'descarga.php', 'get_token', 1, 'EXITO', '2021-07-15 15:30:05'),
	(64, 1, 'inicio', 'descarga.php', 'graficar', 1, 'EXITO', '2021-07-15 15:30:05'),
	(65, 1, 'inicio', 'descarga.php', 'get_token', 1, 'EXITO', '2021-07-15 15:31:42'),
	(66, 1, 'inicio', 'descarga.php', 'set_filtros', 1, 'EXITO', '2021-07-15 15:31:42'),
	(67, 1, 'inicio', 'descarga.php', 'get_token', 1, 'EXITO', '2021-07-15 15:31:42'),
	(68, 1, 'inicio', 'descarga.php', 'graficar', 1, 'EXITO', '2021-07-15 15:31:42'),
	(69, 1, 'inicio', 'descarga.php', 'get_token', 1, 'EXITO', '2021-07-15 15:33:10'),
	(70, 1, 'inicio', 'descarga.php', 'set_filtros', 1, 'EXITO', '2021-07-15 15:33:10'),
	(71, 1, 'inicio', 'descarga.php', 'get_token', 1, 'EXITO', '2021-07-15 15:33:10'),
	(72, 1, 'inicio', 'descarga.php', 'graficar', 1, 'EXITO', '2021-07-15 15:33:10'),
	(73, 1, 'inicio', 'descarga.php', 'get_token', 1, 'EXITO', '2021-07-15 15:33:44'),
	(74, 1, 'inicio', 'descarga.php', 'set_filtros', 1, 'EXITO', '2021-07-15 15:33:44'),
	(75, 1, 'inicio', 'descarga.php', 'get_token', 1, 'EXITO', '2021-07-15 15:33:44'),
	(76, 1, 'inicio', 'descarga.php', 'graficar', 1, 'EXITO', '2021-07-15 15:33:45'),
	(77, 1, 'inicio', 'descarga.php', 'get_token', 1, 'EXITO', '2021-07-15 15:45:00'),
	(78, 1, 'inicio', 'descarga.php', 'set_filtros', 1, 'EXITO', '2021-07-15 15:45:00'),
	(79, 1, 'inicio', 'descarga.php', 'get_token', 1, 'EXITO', '2021-07-15 15:45:00'),
	(80, 1, 'inicio', 'descarga.php', 'graficar', 1, 'EXITO', '2021-07-15 15:45:00'),
	(81, 1, 'inicio', 'descarga.php', 'get_token', 1, 'EXITO', '2021-07-15 15:50:28'),
	(82, 1, 'inicio', 'descarga.php', 'set_filtros', 1, 'EXITO', '2021-07-15 15:50:28'),
	(83, 1, 'inicio', 'descarga.php', 'get_token', 1, 'EXITO', '2021-07-15 15:50:28'),
	(84, 1, 'inicio', 'descarga.php', 'graficar', 1, 'EXITO', '2021-07-15 15:50:28'),
	(85, 1, 'inicio', 'descarga.php', 'get_token', 1, 'EXITO', '2021-07-15 15:58:13'),
	(86, 1, 'inicio', 'descarga.php', 'set_filtros', 1, 'EXITO', '2021-07-15 15:58:13'),
	(87, 1, 'inicio', 'descarga.php', 'get_token', 1, 'EXITO', '2021-07-15 15:58:13'),
	(88, 1, 'inicio', 'descarga.php', 'graficar', 1, 'EXITO', '2021-07-15 15:58:13'),
	(89, 1, 'inicio', 'descarga.php', 'get_token', 1, 'EXITO', '2021-07-15 15:58:13'),
	(90, 1, 'inicio', 'descarga.php', 'get_token', 1, 'EXITO', '2021-07-15 16:05:47'),
	(91, 1, 'inicio', 'descarga.php', 'set_filtros', 1, 'EXITO', '2021-07-15 16:05:48'),
	(92, 1, 'inicio', 'descarga.php', 'get_token', 1, 'EXITO', '2021-07-15 16:05:48'),
	(93, 1, 'inicio', 'descarga.php', 'graficar', 1, 'EXITO', '2021-07-15 16:05:48'),
	(94, 1, 'inicio', 'descarga.php', 'get_token', 1, 'EXITO', '2021-07-15 17:21:59'),
	(95, 1, 'inicio', 'descarga.php', 'set_filtros', 1, 'EXITO', '2021-07-15 17:21:59'),
	(96, 1, 'inicio', 'descarga.php', 'get_token', 1, 'EXITO', '2021-07-15 17:21:59'),
	(97, 1, 'inicio', 'descarga.php', 'graficar', 1, 'EXITO', '2021-07-15 17:21:59'),
	(98, 1, 'inicio', 'descarga.php', 'get_token', 1, 'EXITO', '2021-07-15 17:23:48'),
	(99, 1, 'inicio', 'descarga.php', 'set_filtros', 1, 'EXITO', '2021-07-15 17:23:48'),
	(100, 1, 'inicio', 'descarga.php', 'get_token', 1, 'EXITO', '2021-07-15 17:23:49'),
	(101, 1, 'inicio', 'descarga.php', 'graficar', 1, 'EXITO', '2021-07-15 17:23:49'),
	(102, 1, 'inicio', 'descarga.php', 'graficar', 1, 'EXITO', '2021-07-15 17:24:53'),
	(103, 1, 'inicio', 'descarga.php', 'graficar', 1, 'EXITO', '2021-07-15 17:25:40'),
	(104, 1, 'inicio', 'descarga.php', 'get_token', 1, 'EXITO', '2021-07-15 17:25:45'),
	(105, 1, 'inicio', 'descarga.php', 'set_filtros', 1, 'EXITO', '2021-07-15 17:25:45'),
	(106, 1, 'inicio', 'descarga.php', 'get_token', 1, 'EXITO', '2021-07-15 17:25:45'),
	(107, 1, 'inicio', 'descarga.php', 'graficar', 1, 'EXITO', '2021-07-15 17:25:45'),
	(108, 1, 'inicio', 'descarga.php', 'graficar', 1, 'EXITO', '2021-07-15 17:25:48'),
	(109, 1, 'inicio', 'descarga.php', 'graficar', 1, 'EXITO', '2021-07-15 17:25:51'),
	(110, 1, 'inicio', 'descarga.php', 'get_token', 1, 'EXITO', '2021-07-15 17:36:37'),
	(111, 1, 'inicio', 'descarga.php', 'set_filtros', 1, 'EXITO', '2021-07-15 17:36:37'),
	(112, 1, 'inicio', 'descarga.php', 'get_token', 1, 'EXITO', '2021-07-15 17:36:37'),
	(113, 1, 'inicio', 'descarga.php', 'graficar', 1, 'EXITO', '2021-07-15 17:36:37'),
	(114, 1, 'inicio', 'descarga.php', 'get_token', 1, 'EXITO', '2021-07-16 16:54:19'),
	(115, 1, 'inicio', 'descarga.php', 'set_filtros', 1, 'EXITO', '2021-07-16 16:54:19'),
	(116, 1, 'inicio', 'descarga.php', 'get_token', 1, 'EXITO', '2021-07-16 16:54:19'),
	(117, 1, 'inicio', 'descarga.php', 'graficar', 1, 'EXITO', '2021-07-16 16:54:20'),
	(118, 1, 'inicio', 'descarga.php', 'get_token', 1, 'EXITO', '2021-07-16 16:57:04'),
	(119, 1, 'inicio', 'descarga.php', 'set_filtros', 1, 'EXITO', '2021-07-16 16:57:04'),
	(120, 1, 'inicio', 'descarga.php', 'get_token', 1, 'EXITO', '2021-07-16 16:57:04'),
	(121, 1, 'inicio', 'descarga.php', 'graficar', 1, 'EXITO', '2021-07-16 16:57:04'),
	(122, 1, 'inicio', 'descarga.php', 'graficar', 1, 'EXITO', '2021-07-16 16:57:08'),
	(123, 1, 'inicio', 'descarga.php', 'get_token', 1, 'EXITO', '2021-07-17 21:56:05'),
	(124, 1, 'inicio', 'descarga.php', 'set_filtros', 1, 'EXITO', '2021-07-17 21:56:05'),
	(125, 1, 'inicio', 'descarga.php', 'get_token', 1, 'EXITO', '2021-07-17 21:56:05'),
	(126, 1, 'inicio', 'descarga.php', 'graficar', 1, 'EXITO', '2021-07-17 21:56:05'),
	(127, 1, 'inicio', 'descarga.php', 'get_token', 1, 'EXITO', '2021-07-17 21:59:36'),
	(128, 1, 'inicio', 'descarga.php', 'set_filtros', 1, 'EXITO', '2021-07-17 21:59:36'),
	(129, 1, 'inicio', 'descarga.php', 'get_token', 1, 'EXITO', '2021-07-17 21:59:36'),
	(130, 1, 'inicio', 'descarga.php', 'graficar', 1, 'EXITO', '2021-07-17 21:59:36'),
	(131, 1, 'inicio', 'descarga.php', 'get_token', 1, 'EXITO', '2021-07-17 21:59:36'),
	(132, 1, 'inicio', 'descarga.php', 'get_token', 1, 'EXITO', '2021-07-17 21:59:43'),
	(133, 1, 'inicio', 'descarga.php', 'set_filtros', 1, 'EXITO', '2021-07-17 21:59:43'),
	(134, 1, 'inicio', 'descarga.php', 'get_token', 1, 'EXITO', '2021-07-17 21:59:43'),
	(135, 1, 'inicio', 'descarga.php', 'graficar', 1, 'EXITO', '2021-07-17 21:59:43'),
	(136, 1, 'inicio', 'descarga.php', 'get_token', 1, 'EXITO', '2021-07-17 21:59:43'),
	(137, 1, 'inicio', 'descarga.php', 'graficar', 1, 'EXITO', '2021-07-17 22:00:03'),
	(138, 1, 'inicio', 'descarga.php', 'get_token', 1, 'EXITO', '2021-07-17 22:03:52'),
	(139, 1, 'inicio', 'descarga.php', 'set_filtros', 1, 'EXITO', '2021-07-17 22:03:52'),
	(140, 1, 'inicio', 'descarga.php', 'get_token', 1, 'EXITO', '2021-07-17 22:03:52'),
	(141, 1, 'inicio', 'descarga.php', 'graficar', 1, 'EXITO', '2021-07-17 22:03:53'),
	(142, 1, 'inicio', 'descarga.php', 'graficar', 1, 'EXITO', '2021-07-17 22:04:47'),
	(143, 1, 'inicio', 'descarga.php', 'graficar', 1, 'EXITO', '2021-07-17 22:04:58'),
	(144, 1, 'inicio', 'descarga.php', 'graficar', 1, 'EXITO', '2021-07-17 22:05:35'),
	(145, 1, 'inicio', 'descarga.php', 'get_token', 1, 'EXITO', '2021-07-17 22:05:46'),
	(146, 1, 'inicio', 'descarga.php', 'set_filtros', 1, 'EXITO', '2021-07-17 22:05:46'),
	(147, 1, 'inicio', 'descarga.php', 'get_token', 1, 'EXITO', '2021-07-17 22:05:46'),
	(148, 1, 'inicio', 'descarga.php', 'graficar', 1, 'EXITO', '2021-07-17 22:05:46'),
	(149, 1, 'inicio', 'descarga.php', 'get_token', 1, 'EXITO', '2021-07-17 22:08:58'),
	(150, 1, 'inicio', 'descarga.php', 'set_filtros', 1, 'EXITO', '2021-07-17 22:08:58'),
	(151, 1, 'inicio', 'descarga.php', 'get_token', 1, 'EXITO', '2021-07-17 22:08:58'),
	(152, 1, 'inicio', 'descarga.php', 'graficar', 1, 'EXITO', '2021-07-17 22:08:58'),
	(153, 1, 'inicio', 'descarga.php', 'get_token', 1, 'EXITO', '2021-07-17 22:09:41'),
	(154, 1, 'inicio', 'descarga.php', 'set_filtros', 1, 'EXITO', '2021-07-17 22:09:41'),
	(155, 1, 'inicio', 'descarga.php', 'get_token', 1, 'EXITO', '2021-07-17 22:09:41'),
	(156, 1, 'inicio', 'descarga.php', 'graficar', 1, 'EXITO', '2021-07-17 22:09:42'),
	(157, 1, 'inicio', 'descarga.php', 'graficar', 1, 'EXITO', '2021-07-17 22:10:31'),
	(158, 1, 'inicio', 'descarga.php', 'graficar', 1, 'EXITO', '2021-07-17 22:11:01'),
	(159, 1, 'inicio', 'descarga.php', 'get_token', 1, 'EXITO', '2021-07-17 22:12:36'),
	(160, 1, 'inicio', 'descarga.php', 'set_filtros', 1, 'EXITO', '2021-07-17 22:12:36'),
	(161, 1, 'inicio', 'descarga.php', 'get_token', 1, 'EXITO', '2021-07-17 22:12:36'),
	(162, 1, 'inicio', 'descarga.php', 'graficar', 1, 'EXITO', '2021-07-17 22:12:36'),
	(163, 1, 'inicio', 'descarga.php', 'get_token', 1, 'EXITO', '2021-07-17 22:13:40'),
	(164, 1, 'inicio', 'descarga.php', 'set_filtros', 1, 'EXITO', '2021-07-17 22:13:40'),
	(165, 1, 'inicio', 'descarga.php', 'get_token', 1, 'EXITO', '2021-07-17 22:13:40'),
	(166, 1, 'inicio', 'descarga.php', 'graficar', 1, 'EXITO', '2021-07-17 22:13:40'),
	(167, 1, 'inicio', 'descarga.php', 'get_token', 1, 'EXITO', '2021-07-17 22:14:01'),
	(168, 1, 'inicio', 'descarga.php', 'set_filtros', 1, 'EXITO', '2021-07-17 22:14:01'),
	(169, 1, 'cerrar-sesion', '404.php', NULL, 2, 'Vinculo no valido !!!', '2021-08-13 19:53:19'),
	(170, 1, 'inicio', '404.php', NULL, 2, 'Vinculo no valido !!!', '2021-08-13 19:53:21'),
	(171, 1, 'cerrar-sesion', '404.php', NULL, 2, 'Vinculo no valido !!!', '2021-08-13 19:53:24'),
	(172, 1, 'inicio', '404.php', NULL, 2, 'Vinculo no valido !!!', '2021-08-13 19:53:25'),
	(173, 1, 'cerrar-sesion', '404.php', NULL, 2, 'Vinculo no valido !!!', '2021-08-13 19:53:28'),
	(174, 1, 'inicio', '404.php', NULL, 2, 'Vinculo no valido !!!', '2021-08-13 19:53:30'),
	(175, 1, 'cerrar-sesion', '404.php', NULL, 2, 'Vinculo no valido !!!', '2021-08-13 19:53:33'),
	(176, 1, 'inicio', '404.php', NULL, 2, 'Vinculo no valido !!!', '2021-08-13 19:53:34'),
	(177, 1, 'inicio', '404.php', NULL, 2, 'Vinculo no valido !!!', '2021-08-13 19:53:37'),
	(178, 1, 'inicio', '404.php', NULL, 2, 'Vinculo no valido !!!', '2021-08-13 19:53:39'),
	(179, 1, 'cerrar-sesion', '404.php', NULL, 2, 'Vinculo no valido !!!', '2021-08-13 19:53:42'),
	(180, 1, 'inicio', '404.php', NULL, 2, 'Vinculo no valido !!!', '2021-08-13 19:53:43'),
	(181, 1, 'cerrar-sesion', '404.php', NULL, 2, 'Vinculo no valido !!!', '2021-08-13 19:53:47'),
	(182, 1, 'inicio', '404.php', NULL, 2, 'Vinculo no valido !!!', '2021-08-13 19:53:48'),
	(183, 1, 'cerrar-sesion', '404.php', NULL, 2, 'Vinculo no valido !!!', '2021-08-13 19:53:51'),
	(184, 1, 'inicio', '404.php', NULL, 2, 'Vinculo no valido !!!', '2021-08-13 19:53:52'),
	(185, 1, 'cerrar-sesion', '404.php', NULL, 2, 'Vinculo no valido !!!', '2021-08-13 19:53:55'),
	(186, 1, 'inicio', '404.php', NULL, 2, 'Vinculo no valido !!!', '2021-08-13 19:53:56'),
	(187, 1, 'cerrar-sesion', '404.php', NULL, 2, 'Vinculo no valido !!!', '2021-08-13 19:53:59'),
	(188, 1, 'inicio', '404.php', NULL, 2, 'Vinculo no valido !!!', '2021-08-13 19:54:00'),
	(189, 1, 'cerrar-sesion', '404.php', NULL, 2, 'Vinculo no valido !!!', '2021-08-13 19:54:03'),
	(190, 1, 'inicio', '404.php', NULL, 2, 'Vinculo no valido !!!', '2021-08-13 19:54:05'),
	(191, 1, 'cerrar-sesion', '404.php', NULL, 2, 'Vinculo no valido !!!', '2021-08-13 19:54:08'),
	(192, 1, 'inicio', '404.php', NULL, 2, 'Vinculo no valido !!!', '2021-08-13 19:54:09'),
	(193, 1, 'cerrar-sesion', '404.php', NULL, 2, 'Vinculo no valido !!!', '2021-08-13 19:54:12'),
	(194, 1, 'inicio', '404.php', NULL, 2, 'Vinculo no valido !!!', '2021-08-13 19:54:13'),
	(195, 1, 'inicio', 'descarga.php', 'get_token', 1, 'EXITO', '2021-07-17 22:22:15'),
	(196, 1, 'inicio', 'descarga.php', 'set_filtros', 1, 'EXITO', '2021-07-17 22:22:15'),
	(197, 1, 'inicio', 'descarga.php', 'get_token', 1, 'EXITO', '2021-07-17 22:22:15'),
	(198, 1, 'inicio', 'descarga.php', 'graficar', 1, 'EXITO', '2021-07-17 22:22:16'),
	(199, 1, 'inicio', 'descarga.php', 'graficar', 1, 'EXITO', '2021-07-17 22:22:54'),
	(200, 1, 'inicio', 'descarga.php', 'graficar', 1, 'EXITO', '2021-07-17 22:23:00'),
	(201, 1, 'inicio', 'descarga.php', 'graficar', 1, 'EXITO', '2021-07-17 22:23:13'),
	(202, 1, 'inicio', 'descarga.php', 'graficar', 1, 'EXITO', '2021-07-17 22:23:23'),
	(203, 1, 'inicio', 'descarga.php', 'graficar', 1, 'EXITO', '2021-07-17 22:23:41'),
	(204, 1, 'inicio', 'descarga.php', 'graficar', 1, 'EXITO', '2021-07-17 22:23:50'),
	(205, 1, 'inicio', 'descarga.php', 'get_token', 1, 'EXITO', '2021-07-17 22:25:03'),
	(206, 1, 'inicio', 'descarga.php', 'set_filtros', 1, 'EXITO', '2021-07-17 22:25:03'),
	(207, 1, 'inicio', 'descarga.php', 'get_token', 1, 'EXITO', '2021-07-17 22:25:03'),
	(208, 1, 'inicio', 'descarga.php', 'graficar', 1, 'EXITO', '2021-07-17 22:25:04'),
	(209, 1, 'inicio', 'descarga.php', 'graficar', 1, 'EXITO', '2021-07-17 22:25:21'),
	(210, 1, 'inicio', 'descarga.php', 'graficar', 1, 'EXITO', '2021-07-17 22:26:29'),
	(211, 1, 'inicio', 'descarga.php', 'graficar', 1, 'EXITO', '2021-07-17 22:27:32'),
	(212, 1, 'inicio', 'descarga.php', 'graficar', 1, 'EXITO', '2021-07-17 22:27:42'),
	(213, 1, 'inicio', 'descarga.php', 'graficar', 1, 'EXITO', '2021-07-17 22:27:49'),
	(214, 1, 'inicio', 'descarga.php', 'graficar', 1, 'EXITO', '2021-07-17 22:27:53'),
	(215, 1, 'inicio', 'descarga.php', 'graficar', 1, 'EXITO', '2021-07-17 22:29:44'),
	(216, 1, 'inicio', 'descarga.php', 'graficar', 1, 'EXITO', '2021-07-17 22:30:51'),
	(217, 1, 'inicio', 'descarga.php', 'get_token', 1, 'EXITO', '2021-07-17 22:30:56'),
	(218, 1, 'inicio', 'descarga.php', 'set_filtros', 1, 'EXITO', '2021-07-17 22:30:56'),
	(219, 1, 'inicio', 'descarga.php', 'get_token', 1, 'EXITO', '2021-07-17 22:30:56'),
	(220, 1, 'inicio', 'descarga.php', 'graficar', 1, 'EXITO', '2021-07-17 22:30:56'),
	(221, 1, 'inicio', 'descarga.php', 'get_token', 1, 'EXITO', '2021-07-17 22:31:03'),
	(222, 1, 'inicio', 'descarga.php', 'set_filtros', 1, 'EXITO', '2021-07-17 22:31:03'),
	(223, 1, 'inicio', 'descarga.php', 'get_token', 1, 'EXITO', '2021-07-17 22:31:03'),
	(224, 1, 'inicio', 'descarga.php', 'graficar', 1, 'EXITO', '2021-07-17 22:31:03'),
	(225, 1, 'inicio', 'descarga.php', 'get_token', 1, 'EXITO', '2021-07-17 22:31:18'),
	(226, 1, 'inicio', 'descarga.php', 'set_filtros', 1, 'EXITO', '2021-07-17 22:31:18'),
	(227, 1, 'inicio', 'descarga.php', 'get_token', 1, 'EXITO', '2021-07-17 22:31:18'),
	(228, 1, 'inicio', 'descarga.php', 'graficar', 1, 'EXITO', '2021-07-17 22:31:18'),
	(229, 1, 'inicio', 'descarga.php', 'graficar', 1, 'EXITO', '2021-07-17 22:32:11'),
	(230, 1, 'inicio', 'descarga.php', 'graficar', 1, 'EXITO', '2021-07-17 22:35:03'),
	(231, 1, 'inicio', 'descarga.php', 'graficar', 1, 'EXITO', '2021-07-17 22:38:28'),
	(232, 1, 'inicio', 'descarga.php', 'graficar', 1, 'EXITO', '2021-07-17 22:39:05'),
	(233, 1, 'inicio', 'descarga.php', 'graficar', 1, 'EXITO', '2021-07-17 22:42:37'),
	(234, 1, 'inicio', 'descarga.php', 'get_token', 1, 'EXITO', '2021-07-17 22:43:30'),
	(235, 1, 'inicio', 'descarga.php', 'set_filtros', 1, 'EXITO', '2021-07-17 22:43:30'),
	(236, 1, 'inicio', 'descarga.php', 'get_token', 1, 'EXITO', '2021-07-17 22:43:30'),
	(237, 1, 'inicio', 'descarga.php', 'graficar', 1, 'EXITO', '2021-07-17 22:43:30'),
	(238, 1, 'inicio', 'descarga.php', 'get_token', 1, 'EXITO', '2021-07-17 22:43:44'),
	(239, 1, 'inicio', 'descarga.php', 'set_filtros', 1, 'EXITO', '2021-07-17 22:43:44'),
	(240, 1, 'inicio', 'descarga.php', 'get_token', 1, 'EXITO', '2021-07-17 22:43:44'),
	(241, 1, 'inicio', 'descarga.php', 'graficar', 1, 'EXITO', '2021-07-17 22:43:45'),
	(242, 1, 'inicio', 'descarga.php', 'get_token', 1, 'EXITO', '2021-07-17 22:44:05'),
	(243, 1, 'inicio', 'descarga.php', 'set_filtros', 1, 'EXITO', '2021-07-17 22:44:05'),
	(244, 1, 'inicio', 'descarga.php', 'get_token', 1, 'EXITO', '2021-07-17 22:44:05'),
	(245, 1, 'inicio', 'descarga.php', 'graficar', 1, 'EXITO', '2021-07-17 22:44:05'),
	(246, 1, 'inicio', 'descarga.php', 'graficar', 1, 'EXITO', '2021-07-17 22:45:29'),
	(247, 1, 'inicio', 'descarga.php', 'get_token', 1, 'EXITO', '2021-07-17 22:46:16'),
	(248, 1, 'inicio', 'descarga.php', 'set_filtros', 1, 'EXITO', '2021-07-17 22:46:16'),
	(249, 1, 'inicio', 'descarga.php', 'get_token', 1, 'EXITO', '2021-07-17 22:46:16'),
	(250, 1, 'inicio', 'descarga.php', 'graficar', 1, 'EXITO', '2021-07-17 22:46:16'),
	(251, 1, 'inicio', 'descarga.php', 'listarPersonas', 1, 'EXITO', '2021-07-17 22:46:30'),
	(252, 1, 'inicio', 'descarga.php', 'graficar', 1, 'EXITO', '2021-07-17 22:46:33'),
	(253, 1, 'inicio', 'descarga.php', 'graficar', 1, 'EXITO', '2021-07-17 22:46:43'),
	(254, 1, 'inicio', 'descarga.php', 'graficar', 1, 'EXITO', '2021-07-17 22:47:09'),
	(255, 1, 'inicio', 'descarga.php', 'graficar', 1, 'EXITO', '2021-07-17 23:06:56'),
	(256, 1, 'crear-reportes', '404.php', NULL, 2, 'Vinculo no valido !!!', '2021-07-17 23:16:36'),
	(257, 1, 'crear-reporte', 'descarga.php', 'verificar', 1, 'EXITO', '2021-07-17 23:16:59'),
	(258, 1, 'crear-reporte', 'descarga.php', 'verificar', 1, 'EXITO', '2021-07-17 23:17:23'),
	(259, 1, 'crear-reporte', 'descarga.php', 'generar', 1, 'EXITO', '2021-07-17 23:18:56'),
	(260, 1, 'crear-reporte', 'descarga.php', 'generar', 1, 'EXITO', '2021-07-17 23:20:24'),
	(261, 1, 'crear-formulario-crud', 'descarga.php', 'cargarInfoFormulario', 1, 'EXITO', '2021-07-17 23:20:37'),
	(262, 1, 'crear-formulario-crud', 'descarga.php', 'verificar', 1, 'EXITO', '2021-07-17 23:20:38'),
	(263, 1, 'crear-formulario-crud', 'descarga.php', 'verificar', 1, 'EXITO', '2021-07-17 23:20:46'),
	(264, 1, 'crear-formulario-crud', 'descarga.php', 'generar', 1, 'EXITO', '2021-07-17 23:21:09'),
	(265, 1, 'crear-formulario-crud', 'descarga.php', 'verificar', 1, 'EXITO', '2021-07-17 23:21:24'),
	(266, 1, 'time-festivos', 'descarga.php', 'listar', 1, 'EXITO', '2021-07-17 23:21:29'),
	(267, 1, 'time-festivos', 'descarga.php', 'listar', 1, 'EXITO', '2021-07-17 23:23:45'),
	(268, 1, 'time-festivos', 'descarga.php', 'listar', 1, 'EXITO', '2021-07-17 23:23:49'),
	(269, 1, 'time-festivos', 'descarga.php', 'listar', 1, 'EXITO', '2021-07-17 23:26:32'),
	(270, 1, 'time-festivos', 'descarga.php', 'listar', 1, 'EXITO', '2021-07-17 23:27:43'),
	(271, 1, 'crear-formulario-libre', 'descarga.php', 'verificar', 1, 'EXITO', '2021-07-17 23:33:40'),
	(272, 1, 'crear-formulario-libre', 'descarga.php', 'verificar', 1, 'EXITO', '2021-07-17 23:33:56'),
	(273, 1, 'crear-formulario-libre', 'descarga.php', 'generar', 1, 'EXITO', '2021-07-17 23:37:04'),
	(274, 1, 'crear-formulario-libre', 'descarga.php', 'generar', 1, 'EXITO', '2021-07-17 23:37:19'),
	(275, 1, 'crear-formulario-libre', 'descarga.php', 'verificar', 1, 'EXITO', '2021-07-17 23:37:26'),
	(276, 1, 'time-festivos', 'descarga.php', 'listar', 1, 'EXITO', '2021-07-18 00:05:58'),
	(277, 1, 'time-festivos', 'descarga.php', 'listar', 1, 'EXITO', '2021-07-18 00:06:29'),
	(278, 1, 'time-festivos', 'descarga.php', 'listar', 1, 'EXITO', '2021-07-18 00:06:34'),
	(279, 1, 'time-festivos', 'descarga.php', 'listar', 1, 'EXITO', '2021-07-18 00:08:16'),
	(280, 1, 'time-festivos', 'descarga.php', 'listar', 1, 'EXITO', '2021-07-18 00:08:26'),
	(281, 1, 'time-festivos', 'descarga.php', 'listar', 1, 'EXITO', '2021-07-18 00:09:23'),
	(282, 1, 'time-festivos', 'descarga.php', 'listar', 1, 'EXITO', '2021-07-18 00:10:08'),
	(283, 1, 'time-festivos', 'descarga.php', 'listar', 1, 'EXITO', '2021-07-18 00:10:13'),
	(284, 1, 'time-festivos', 'descarga.php', 'listar', 1, 'EXITO', '2021-07-18 00:15:41'),
	(285, 1, 'time-festivos', 'descarga.php', 'guardar', 1, 'EXITO', '2021-07-18 00:15:51'),
	(286, 1, 'time-festivos', 'descarga.php', 'listar', 1, 'EXITO', '2021-07-18 00:15:51'),
	(287, 1, 'time-festivos', 'descarga.php', 'listar', 1, 'EXITO', '2021-07-18 00:15:54'),
	(288, 1, 'time-festivos', 'descarga.php', 'actualizar', 1, 'EXITO', '2021-07-18 00:16:28'),
	(289, 1, 'time-festivos', 'descarga.php', 'listar', 1, 'EXITO', '2021-07-18 00:16:28'),
	(290, 1, 'time-festivos', 'descarga.php', 'actualizar', 1, 'EXITO', '2021-07-18 00:16:50'),
	(291, 1, 'time-festivos', 'descarga.php', 'listar', 1, 'EXITO', '2021-07-18 00:16:50'),
	(292, 1, 'time-festivos', 'descarga.php', 'actualizar', 1, 'EXITO', '2021-07-18 00:17:28'),
	(293, 1, 'time-festivos', 'descarga.php', 'listar', 1, 'EXITO', '2021-07-18 00:17:28'),
	(294, 1, 'time-festivos', 'descarga.php', 'listar', 1, 'EXITO', '2021-07-18 00:17:46'),
	(295, 1, 'time-festivos', 'descarga.php', 'guardar', 1, 'EXITO', '2021-07-18 00:18:05'),
	(296, 1, 'time-festivos', 'descarga.php', 'listar', 1, 'EXITO', '2021-07-18 00:18:05'),
	(297, 1, 'time-festivos', 'descarga.php', 'listar', 1, 'EXITO', '2021-07-18 00:18:18'),
	(298, 1, 'roles', 'descarga.php', 'listar', 1, 'EXITO', '2021-07-18 00:19:27'),
	(299, 1, 'roles', 'descarga.php', 'listar', 1, 'EXITO', '2021-07-18 00:22:08'),
	(300, 1, 'roles', 'descarga.php', 'listar', 1, 'EXITO', '2021-07-18 00:23:14'),
	(301, 1, 'festivos', '404.php', NULL, 2, 'Vinculo no valido !!!', '2021-07-18 00:23:17'),
	(302, 1, 'time-festivos', 'descarga.php', 'listar', 1, 'EXITO', '2021-07-18 00:23:25'),
	(303, 1, 'reporte-actividades', 'descarga.php', 'cargar_categoria', 1, 'EXITO', '2021-07-18 00:55:02'),
	(304, 1, 'reporte-actividades', 'descarga.php', 'cargar_categoria', 1, 'EXITO', '2021-07-18 00:56:58'),
	(305, 1, 'reporte-actividades', 'descarga.php', 'cargar_categoria', 1, 'EXITO', '2021-07-18 00:57:14'),
	(306, 1, 'reporte-actividades', 'descarga.php', 'cargar_categoria', 1, 'EXITO', '2021-07-18 00:58:57'),
	(307, 1, 'reporte-actividades', 'descarga.php', 'cargar_categoria', 1, 'EXITO', '2021-07-18 00:59:48'),
	(308, 1, 'reporte-actividades', 'descarga.php', 'cargar_categoria', 1, 'EXITO', '2021-07-18 01:00:25'),
	(309, 1, 'reporte-actividades', 'descarga.php', 'cargar_categoria', 1, 'EXITO', '2021-07-18 01:01:29'),
	(310, 1, 'reporte-actividades', 'descarga.php', 'cargar_categoria', 1, 'EXITO', '2021-07-18 01:02:08'),
	(311, 1, 'reporte-actividades', 'descarga.php', 'cargar_categoria', 1, 'EXITO', '2021-07-18 01:02:08'),
	(312, 1, 'reporte-actividades', 'descarga.php', 'cargar_categoria', 1, 'EXITO', '2021-07-18 01:02:10'),
	(313, 1, 'reporte-actividades', 'descarga.php', 'cargar_categoria', 1, 'EXITO', '2021-07-18 01:02:11'),
	(314, 1, 'reporte-actividades', 'descarga.php', 'cargar_categoria', 1, 'EXITO', '2021-07-18 01:02:11'),
	(315, 1, 'reporte-actividades', 'descarga.php', 'cargar_categoria', 1, 'EXITO', '2021-07-18 01:02:11'),
	(316, 1, 'reporte-actividades', 'descarga.php', 'cargar_categoria', 1, 'EXITO', '2021-07-18 01:02:11'),
	(317, 1, 'reporte-actividades', 'descarga.php', 'cargar_categoria', 1, 'EXITO', '2021-07-18 01:02:11'),
	(318, 1, 'reporte-actividades', 'descarga.php', 'cargar_categoria', 1, 'EXITO', '2021-07-18 01:02:11'),
	(319, 1, 'reporte-actividades', 'descarga.php', 'cargar_categoria', 1, 'EXITO', '2021-07-18 01:02:11'),
	(320, 1, 'reporte-actividades', 'descarga.php', 'cargar_categoria', 1, 'EXITO', '2021-07-18 01:02:11'),
	(321, 1, 'reporte-actividades', 'descarga.php', 'cargar_categoria', 1, 'EXITO', '2021-07-18 01:02:11'),
	(322, 1, 'reporte-actividades', 'descarga.php', 'cargar_categoria', 1, 'EXITO', '2021-07-18 01:02:11'),
	(323, 1, 'reporte-actividades', 'descarga.php', 'cargar_categoria', 1, 'EXITO', '2021-07-18 01:02:11'),
	(324, 1, 'reporte-actividades', 'descarga.php', 'cargar_categoria', 1, 'EXITO', '2021-07-18 01:02:11'),
	(325, 1, 'reporte-actividades', 'descarga.php', 'cargar_categoria', 1, 'EXITO', '2021-07-18 01:02:11'),
	(326, 1, 'reporte-actividades', 'descarga.php', 'cargar_categoria', 1, 'EXITO', '2021-07-18 01:02:11'),
	(327, 1, 'reporte-actividades', 'descarga.php', 'cargar_categoria', 1, 'EXITO', '2021-07-18 01:02:11'),
	(328, 1, 'reporte-actividades', 'descarga.php', 'cargar_categoria', 1, 'EXITO', '2021-07-18 01:02:11'),
	(329, 1, 'reporte-actividades', 'descarga.php', 'cargar_categoria', 1, 'EXITO', '2021-07-18 01:02:11'),
	(330, 1, 'reporte-actividades', 'descarga.php', 'cargar_categoria', 1, 'EXITO', '2021-07-18 01:02:11'),
	(331, 1, 'reporte-actividades', 'descarga.php', 'cargar_categoria', 1, 'EXITO', '2021-07-18 01:02:11'),
	(332, 1, 'reporte-actividades', 'descarga.php', 'cargar_categoria', 1, 'EXITO', '2021-07-18 01:02:11'),
	(333, 1, 'reporte-actividades', 'descarga.php', 'cargar_categoria', 1, 'EXITO', '2021-07-18 01:02:11'),
	(334, 1, 'reporte-actividades', 'descarga.php', 'cargar_categoria', 1, 'EXITO', '2021-07-18 01:02:11'),
	(335, 1, 'reporte-actividades', 'descarga.php', 'cargar_categoria', 1, 'EXITO', '2021-07-18 01:02:11'),
	(336, 1, 'reporte-actividades', 'descarga.php', 'cargar_categoria', 1, 'EXITO', '2021-07-18 01:02:11'),
	(337, 1, 'reporte-actividades', 'descarga.php', 'cargar_categoria', 1, 'EXITO', '2021-07-18 01:02:12'),
	(338, 1, 'reporte-actividades', 'descarga.php', 'cargar_categoria', 1, 'EXITO', '2021-07-18 01:02:12'),
	(339, 1, 'reporte-actividades', 'descarga.php', 'cargar_categoria', 1, 'EXITO', '2021-07-18 01:02:12'),
	(340, 1, 'reporte-actividades', 'descarga.php', 'cargar_categoria', 1, 'EXITO', '2021-07-18 01:02:12'),
	(341, 1, 'reporte-actividades', 'descarga.php', 'cargar_categoria', 1, 'EXITO', '2021-07-18 01:02:12'),
	(342, 1, 'reporte-actividades', 'descarga.php', 'cargar_categoria', 1, 'EXITO', '2021-07-18 01:02:12'),
	(343, 1, 'reporte-actividades', 'descarga.php', 'cargar_categoria', 1, 'EXITO', '2021-07-18 01:02:12'),
	(344, 1, 'reporte-actividades', 'descarga.php', 'cargar_categoria', 1, 'EXITO', '2021-07-18 01:02:12'),
	(345, 1, 'reporte-actividades', 'descarga.php', 'cargar_categoria', 1, 'EXITO', '2021-07-18 01:02:12'),
	(346, 1, 'reporte-actividades', 'descarga.php', 'cargar_categoria', 1, 'EXITO', '2021-07-18 01:02:12'),
	(347, 1, 'reporte-actividades', 'descarga.php', 'cargar_categoria', 1, 'EXITO', '2021-07-18 01:02:12'),
	(348, 1, 'reporte-actividades', 'descarga.php', 'cargar_categoria', 1, 'EXITO', '2021-07-18 01:02:12'),
	(349, 1, 'reporte-actividades', 'descarga.php', 'cargar_categoria', 1, 'EXITO', '2021-07-18 01:02:12'),
	(350, 1, 'reporte-actividades', 'descarga.php', 'cargar_categoria', 1, 'EXITO', '2021-07-18 01:02:12'),
	(351, 1, 'reporte-actividades', 'descarga.php', 'cargar_categoria', 1, 'EXITO', '2021-07-18 01:02:12'),
	(352, 1, 'reporte-actividades', 'descarga.php', 'cargar_categoria', 1, 'EXITO', '2021-07-18 01:02:12'),
	(353, 1, 'reporte-actividades', 'descarga.php', 'cargar_categoria', 1, 'EXITO', '2021-07-18 01:02:12'),
	(354, 1, 'reporte-actividades', 'descarga.php', 'cargar_categoria', 1, 'EXITO', '2021-07-18 01:02:12'),
	(355, 1, 'reporte-actividades', 'descarga.php', 'cargar_categoria', 1, 'EXITO', '2021-07-18 01:02:12'),
	(356, 1, 'reporte-actividades', 'descarga.php', 'cargar_categoria', 1, 'EXITO', '2021-07-18 01:02:12'),
	(357, 1, 'reporte-actividades', 'descarga.php', 'cargar_categoria', 1, 'EXITO', '2021-07-18 01:02:12'),
	(358, 1, 'reporte-actividades', 'descarga.php', 'cargar_categoria', 1, 'EXITO', '2021-07-18 01:02:12'),
	(359, 1, 'reporte-actividades', 'descarga.php', 'cargar_categoria', 1, 'EXITO', '2021-07-18 01:02:12'),
	(360, 1, 'reporte-actividades', 'descarga.php', 'cargar_categoria', 1, 'EXITO', '2021-07-18 01:02:12'),
	(361, 1, 'reporte-actividades', 'descarga.php', 'cargar_categoria', 1, 'EXITO', '2021-07-18 01:02:12'),
	(362, 1, 'reporte-actividades', 'descarga.php', 'cargar_categoria', 1, 'EXITO', '2021-07-18 01:02:12'),
	(363, 1, 'reporte-actividades', 'descarga.php', 'cargar_categoria', 1, 'EXITO', '2021-07-18 01:02:12'),
	(364, 1, 'reporte-actividades', 'descarga.php', 'cargar_categoria', 1, 'EXITO', '2021-07-18 01:02:13'),
	(365, 1, 'reporte-actividades', 'descarga.php', 'cargar_categoria', 1, 'EXITO', '2021-07-18 01:02:13'),
	(366, 1, 'reporte-actividades', 'descarga.php', 'cargar_categoria', 1, 'EXITO', '2021-07-18 01:02:13'),
	(367, 1, 'reporte-actividades', 'descarga.php', 'cargar_categoria', 1, 'EXITO', '2021-07-18 01:02:13'),
	(368, 1, 'reporte-actividades', 'descarga.php', 'cargar_categoria', 1, 'EXITO', '2021-07-18 01:02:13'),
	(369, 1, 'reporte-actividades', 'descarga.php', 'cargar_categoria', 1, 'EXITO', '2021-07-18 01:02:13'),
	(370, 1, 'reporte-actividades', 'descarga.php', 'cargar_categoria', 1, 'EXITO', '2021-07-18 01:02:13'),
	(371, 1, 'reporte-actividades', 'descarga.php', 'cargar_categoria', 1, 'EXITO', '2021-07-18 01:02:13'),
	(372, 1, 'reporte-actividades', 'descarga.php', 'cargar_categoria', 1, 'EXITO', '2021-07-18 01:02:22'),
	(373, 1, 'reporte-actividades', 'descarga.php', 'cargar_categoria', 1, 'EXITO', '2021-07-18 01:02:34'),
	(374, 1, 'reporte-actividades', 'descarga.php', 'cargar_categoria', 1, 'EXITO', '2021-07-18 01:03:35'),
	(375, 1, 'reporte-actividades', 'descarga.php', 'cargar_categoria', 1, 'EXITO', '2021-07-18 01:03:35'),
	(376, 1, 'reporte-actividades', 'descarga.php', 'cargar_categoria', 1, 'EXITO', '2021-07-18 01:03:38'),
	(377, 1, 'reporte-actividades', 'descarga.php', 'cargar_categoria', 1, 'EXITO', '2021-07-18 01:03:38'),
	(378, 1, 'reporte-actividades', 'descarga.php', 'cargar_categoria', 1, 'EXITO', '2021-07-18 01:03:38'),
	(379, 1, 'reporte-actividades', 'descarga.php', 'cargar_categoria', 1, 'EXITO', '2021-07-18 01:03:38'),
	(380, 1, 'reporte-actividades', 'descarga.php', 'cargar_categoria', 1, 'EXITO', '2021-07-18 01:03:39'),
	(381, 1, 'reporte-actividades', 'descarga.php', 'cargar_categoria', 1, 'EXITO', '2021-07-18 01:03:39'),
	(382, 1, 'reporte-actividades', 'descarga.php', 'cargar_categoria', 1, 'EXITO', '2021-07-18 01:03:39'),
	(383, 1, 'reporte-actividades', 'descarga.php', 'cargar_categoria', 1, 'EXITO', '2021-07-18 01:03:39'),
	(384, 1, 'reporte-actividades', 'descarga.php', 'cargar_categoria', 1, 'EXITO', '2021-07-18 01:03:39'),
	(385, 1, 'reporte-actividades', 'descarga.php', 'cargar_categoria', 1, 'EXITO', '2021-07-18 01:03:39'),
	(386, 1, 'reporte-actividades', 'descarga.php', 'cargar_categoria', 1, 'EXITO', '2021-07-18 01:03:39'),
	(387, 1, 'reporte-actividades', 'descarga.php', 'cargar_categoria', 1, 'EXITO', '2021-07-18 01:03:39'),
	(388, 1, 'reporte-actividades', 'descarga.php', 'cargar_categoria', 1, 'EXITO', '2021-07-18 01:03:39'),
	(389, 1, 'reporte-actividades', 'descarga.php', 'cargar_categoria', 1, 'EXITO', '2021-07-18 01:03:39'),
	(390, 1, 'reporte-actividades', 'descarga.php', 'cargar_categoria', 1, 'EXITO', '2021-07-18 01:03:39'),
	(391, 1, 'reporte-actividades', 'descarga.php', 'cargar_categoria', 1, 'EXITO', '2021-07-18 01:03:39'),
	(392, 1, 'reporte-actividades', 'descarga.php', 'cargar_categoria', 1, 'EXITO', '2021-07-18 01:03:39'),
	(393, 1, 'reporte-actividades', 'descarga.php', 'cargar_categoria', 1, 'EXITO', '2021-07-18 01:03:39'),
	(394, 1, 'reporte-actividades', 'descarga.php', 'cargar_categoria', 1, 'EXITO', '2021-07-18 01:03:39'),
	(395, 1, 'reporte-actividades', 'descarga.php', 'cargar_categoria', 1, 'EXITO', '2021-07-18 01:03:39'),
	(396, 1, 'reporte-actividades', 'descarga.php', 'cargar_categoria', 1, 'EXITO', '2021-07-18 01:03:39'),
	(397, 1, 'reporte-actividades', 'descarga.php', 'cargar_categoria', 1, 'EXITO', '2021-07-18 01:03:39'),
	(398, 1, 'reporte-actividades', 'descarga.php', 'cargar_categoria', 1, 'EXITO', '2021-07-18 01:03:39'),
	(399, 1, 'reporte-actividades', 'descarga.php', 'cargar_categoria', 1, 'EXITO', '2021-07-18 01:03:39'),
	(400, 1, 'reporte-actividades', 'descarga.php', 'cargar_categoria', 1, 'EXITO', '2021-07-18 01:03:39'),
	(401, 1, 'reporte-actividades', 'descarga.php', 'cargar_categoria', 1, 'EXITO', '2021-07-18 01:03:39'),
	(402, 1, 'reporte-actividades', 'descarga.php', 'cargar_categoria', 1, 'EXITO', '2021-07-18 01:03:39'),
	(403, 1, 'reporte-actividades', 'descarga.php', 'cargar_categoria', 1, 'EXITO', '2021-07-18 01:03:39'),
	(404, 1, 'reporte-actividades', 'descarga.php', 'cargar_categoria', 1, 'EXITO', '2021-07-18 01:03:39'),
	(405, 1, 'reporte-actividades', 'descarga.php', 'cargar_categoria', 1, 'EXITO', '2021-07-18 01:03:39'),
	(406, 1, 'reporte-actividades', 'descarga.php', 'cargar_categoria', 1, 'EXITO', '2021-07-18 01:03:39'),
	(407, 1, 'reporte-actividades', 'descarga.php', 'cargar_categoria', 1, 'EXITO', '2021-07-18 01:03:39'),
	(408, 1, 'reporte-actividades', 'descarga.php', 'cargar_categoria', 1, 'EXITO', '2021-07-18 01:03:39'),
	(409, 1, 'reporte-actividades', 'descarga.php', 'cargar_categoria', 1, 'EXITO', '2021-07-18 01:03:40'),
	(410, 1, 'reporte-actividades', 'descarga.php', 'cargar_categoria', 1, 'EXITO', '2021-07-18 01:03:40'),
	(411, 1, 'reporte-actividades', 'descarga.php', 'cargar_categoria', 1, 'EXITO', '2021-07-18 01:03:40'),
	(412, 1, 'reporte-actividades', 'descarga.php', 'cargar_categoria', 1, 'EXITO', '2021-07-18 01:03:40'),
	(413, 1, 'reporte-actividades', 'descarga.php', 'cargar_categoria', 1, 'EXITO', '2021-07-18 01:03:40'),
	(414, 1, 'reporte-actividades', 'descarga.php', 'cargar_categoria', 1, 'EXITO', '2021-07-18 01:03:40'),
	(415, 1, 'reporte-actividades', 'descarga.php', 'cargar_categoria', 1, 'EXITO', '2021-07-18 01:03:40'),
	(416, 1, 'reporte-actividades', 'descarga.php', 'cargar_categoria', 1, 'EXITO', '2021-07-18 01:03:40'),
	(417, 1, 'reporte-actividades', 'descarga.php', 'cargar_categoria', 1, 'EXITO', '2021-07-18 01:03:40'),
	(418, 1, 'reporte-actividades', 'descarga.php', 'cargar_categoria', 1, 'EXITO', '2021-07-18 01:03:40'),
	(419, 1, 'reporte-actividades', 'descarga.php', 'cargar_categoria', 1, 'EXITO', '2021-07-18 01:03:40'),
	(420, 1, 'reporte-actividades', 'descarga.php', 'cargar_categoria', 1, 'EXITO', '2021-07-18 01:03:40'),
	(421, 1, 'reporte-actividades', 'descarga.php', 'cargar_categoria', 1, 'EXITO', '2021-07-18 01:03:40'),
	(422, 1, 'reporte-actividades', 'descarga.php', 'cargar_categoria', 1, 'EXITO', '2021-07-18 01:03:40'),
	(423, 1, 'reporte-actividades', 'descarga.php', 'cargar_categoria', 1, 'EXITO', '2021-07-18 01:03:40'),
	(424, 1, 'reporte-actividades', 'descarga.php', 'cargar_categoria', 1, 'EXITO', '2021-07-18 01:03:40'),
	(425, 1, 'reporte-actividades', 'descarga.php', 'cargar_categoria', 1, 'EXITO', '2021-07-18 01:03:40'),
	(426, 1, 'reporte-actividades', 'descarga.php', 'cargar_categoria', 1, 'EXITO', '2021-07-18 01:03:40'),
	(427, 1, 'reporte-actividades', 'descarga.php', 'cargar_categoria', 1, 'EXITO', '2021-07-18 01:03:40'),
	(428, 1, 'reporte-actividades', 'descarga.php', 'cargar_categoria', 1, 'EXITO', '2021-07-18 01:03:40'),
	(429, 1, 'reporte-actividades', 'descarga.php', 'cargar_categoria', 1, 'EXITO', '2021-07-18 01:03:40'),
	(430, 1, 'reporte-actividades', 'descarga.php', 'cargar_categoria', 1, 'EXITO', '2021-07-18 01:03:40'),
	(431, 1, 'reporte-actividades', 'descarga.php', 'cargar_categoria', 1, 'EXITO', '2021-07-18 01:03:40'),
	(432, 1, 'reporte-actividades', 'descarga.php', 'cargar_categoria', 1, 'EXITO', '2021-07-18 01:03:40'),
	(433, 1, 'reporte-actividades', 'descarga.php', 'cargar_categoria', 1, 'EXITO', '2021-07-18 01:03:40'),
	(434, 1, 'reporte-actividades', 'descarga.php', 'cargar_categoria', 1, 'EXITO', '2021-07-18 01:03:40'),
	(435, 1, 'reporte-actividades', 'descarga.php', 'cargar_categoria', 1, 'EXITO', '2021-07-18 01:03:40'),
	(436, 1, 'reporte-actividades', 'descarga.php', 'cargar_categoria', 1, 'EXITO', '2021-07-18 01:03:58'),
	(437, 1, 'reporte-actividades', 'descarga.php', 'cargar_categoria', 1, 'EXITO', '2021-07-18 01:04:01'),
	(438, 1, 'reporte-actividades', 'descarga.php', 'cargar_categoria', 1, 'EXITO', '2021-07-18 01:04:05'),
	(439, 1, 'reporte-actividades', 'descarga.php', 'cargar_categoria', 1, 'EXITO', '2021-07-18 01:04:14'),
	(440, 1, 'reporte-actividades', 'descarga.php', 'cargar_categoria', 1, 'EXITO', '2021-07-18 01:05:00'),
	(441, 1, 'reporte-actividades', 'descarga.php', 'cargar_categoria', 1, 'EXITO', '2021-07-18 01:05:02'),
	(442, 1, 'reporte-actividades', 'descarga.php', 'cargar_categoria', 1, 'EXITO', '2021-07-18 01:05:10'),
	(443, 1, 'reporte-actividades', 'descarga.php', 'cargar_categoria', 1, 'EXITO', '2021-07-18 01:05:14'),
	(444, 1, 'reporte-actividades', 'descarga.php', 'cargar_categoria', 1, 'EXITO', '2021-07-18 01:05:56'),
	(445, 1, 'reporte-actividades', 'descarga.php', 'cargar_categoria', 1, 'EXITO', '2021-07-18 01:05:59'),
	(446, 1, 'reporte-actividades', 'descarga.php', 'cargar_categoria', 1, 'EXITO', '2021-07-18 01:06:55'),
	(447, 1, 'inicio', 'descarga.php', 'get_token', 1, 'EXITO', '2021-07-18 01:19:06'),
	(448, 1, 'inicio', 'descarga.php', 'set_filtros', 1, 'EXITO', '2021-07-18 01:19:06'),
	(449, 1, 'inicio', 'descarga.php', 'get_token', 1, 'EXITO', '2021-07-18 01:19:06'),
	(450, 1, 'inicio', 'descarga.php', 'graficar', 1, 'EXITO', '2021-07-18 01:19:07'),
	(451, 1, 'inicio', 'descarga.php', 'get_token', 1, 'EXITO', '2021-07-18 01:21:50'),
	(452, 1, 'inicio', 'descarga.php', 'set_filtros', 1, 'EXITO', '2021-07-18 01:21:50'),
	(453, 1, 'inicio', 'descarga.php', 'get_token', 1, 'EXITO', '2021-07-18 01:21:51'),
	(454, 1, 'inicio', 'descarga.php', 'get_token', 1, 'EXITO', '2021-07-18 01:28:45'),
	(455, 1, 'inicio', 'descarga.php', 'set_filtros', 1, 'EXITO', '2021-07-18 01:28:45'),
	(456, 1, 'inicio', 'descarga.php', 'get_token', 1, 'EXITO', '2021-07-18 01:28:45'),
	(457, 1, 'inicio', 'descarga.php', 'graficar', 1, 'EXITO', '2021-07-18 01:28:45'),
	(458, 1, 'reporte-actividades', 'descarga.php', 'cargar_categoria', 1, 'EXITO', '2021-07-18 01:29:53'),
	(459, 1, 'reporte-actividades', 'descarga.php', 'cargar_categoria', 1, 'EXITO', '2021-07-18 01:29:53'),
	(460, 1, 'reporte-actividades', 'descarga.php', 'validar', 1, 'EXITO', '2021-07-18 01:30:03'),
	(461, 1, 'reporte-actividades', 'descarga.php', 'mostrar', 1, 'EXITO', '2021-07-18 01:30:03'),
	(462, 1, 'reporte-actividades', 'descarga.php', 'mostrar', 1, 'EXITO', '2021-07-18 01:30:19'),
	(463, 1, 'reporte-actividades', 'descarga.php', 'cargar_categoria', 1, 'EXITO', '2021-07-18 01:31:44'),
	(464, 1, 'reporte-actividades', 'descarga.php', 'cargar_categoria', 1, 'EXITO', '2021-07-18 01:31:53'),
	(465, 1, 'reporte-actividades', 'descarga.php', 'cargar_categoria', 1, 'EXITO', '2021-07-18 01:32:22'),
	(466, 1, 'reporte-actividades', 'descarga.php', 'cargar_categoria', 1, 'EXITO', '2021-07-18 01:32:22'),
	(467, 1, 'reporte-actividades', 'descarga.php', 'validar', 1, 'EXITO', '2021-07-18 01:32:26'),
	(468, 1, 'reporte-actividades', 'descarga.php', 'mostrar', 1, 'EXITO', '2021-07-18 01:32:26'),
	(469, 1, 'reporte-actividades', 'descarga.php', 'mostrar', 1, 'EXITO', '2021-07-18 01:33:28'),
	(470, 1, 'reporte-actividades', 'descarga.php', 'cargar_categoria', 1, 'EXITO', '2021-07-18 01:33:34'),
	(471, 1, 'reporte-actividades', 'descarga.php', 'cargar_categoria', 1, 'EXITO', '2021-07-18 01:33:34'),
	(472, 1, 'reporte-actividades', 'descarga.php', 'validar', 1, 'EXITO', '2021-07-18 01:33:35'),
	(473, 1, 'reporte-actividades', 'descarga.php', 'mostrar', 1, 'EXITO', '2021-07-18 01:33:36'),
	(474, 1, 'reporte-actividades', 'descarga.php', 'mostrar', 1, 'EXITO', '2021-07-18 01:39:44'),
	(475, 1, 'reporte-actividades', 'descarga.php', 'mostrar', 1, 'EXITO', '2021-07-18 01:41:48'),
	(476, 1, 'reporte-actividades', 'descarga.php', 'mostrar', 1, 'EXITO', '2021-07-18 01:42:12'),
	(477, 1, 'reporte-actividades', 'descarga.php', 'mostrar', 1, 'EXITO', '2021-07-18 01:42:30'),
	(478, 1, 'reporte-actividades', 'descarga.php', 'mostrar', 1, 'EXITO', '2021-07-18 01:44:51'),
	(479, 1, 'reporte-actividades', 'descarga.php', 'validar', 1, 'EXITO', '2021-07-18 01:45:19'),
	(480, 1, 'reporte-actividades', 'descarga.php', 'mostrar', 1, 'EXITO', '2021-07-18 01:45:19'),
	(481, 1, 'reporte-actividades', 'descarga.php', 'validar', 1, 'EXITO', '2021-07-18 01:46:51'),
	(482, 1, 'reporte-actividades', 'descarga.php', 'mostrar', 1, 'EXITO', '2021-07-18 01:46:52'),
	(483, 1, 'reporte-actividades', 'descarga.php', 'validar', 1, 'EXITO', '2021-07-18 01:46:56'),
	(484, 1, 'reporte-actividades', 'descarga.php', 'mostrar', 1, 'EXITO', '2021-07-18 01:46:56'),
	(485, 1, 'reporte-actividades', 'descarga.php', 'validar', 1, 'EXITO', '2021-07-18 01:47:39'),
	(486, 1, 'reporte-actividades', 'descarga.php', 'mostrar', 1, 'EXITO', '2021-07-18 01:47:40'),
	(487, 1, 'reporte-actividades', 'descarga.php', 'validar', 1, 'EXITO', '2021-07-18 01:47:44'),
	(488, 1, 'reporte-actividades', 'descarga.php', 'mostrar', 1, 'EXITO', '2021-07-18 01:47:44'),
	(489, 1, 'reporte-actividades', 'descarga.php', 'validar', 1, 'EXITO', '2021-07-18 01:47:57'),
	(490, 1, 'reporte-actividades', 'descarga.php', 'mostrar', 1, 'EXITO', '2021-07-18 01:47:57'),
	(491, 1, 'reporte-actividades', 'descarga.php', 'validar', 1, 'EXITO', '2021-07-18 01:48:06'),
	(492, 1, 'reporte-actividades', 'descarga.php', 'mostrar', 1, 'EXITO', '2021-07-18 01:48:06'),
	(493, 1, 'reporte-actividades', 'descarga.php', 'cargar_categoria', 1, 'EXITO', '2021-07-18 01:48:19'),
	(494, 1, 'reporte-actividades', 'descarga.php', 'cargar_categoria', 1, 'EXITO', '2021-07-18 01:48:19'),
	(495, 1, 'reporte-actividades', 'descarga.php', 'cargar_categoria', 1, 'EXITO', '2021-07-18 01:48:20'),
	(496, 1, 'reporte-actividades', 'descarga.php', 'cargar_categoria', 1, 'EXITO', '2021-07-18 01:48:20'),
	(497, 1, 'reporte-actividades', 'descarga.php', 'cargar_categoria', 1, 'EXITO', '2021-07-18 01:48:20'),
	(498, 1, 'reporte-actividades', 'descarga.php', 'cargar_categoria', 1, 'EXITO', '2021-07-18 01:48:20'),
	(499, 1, 'reporte-actividades', 'descarga.php', 'cargar_categoria', 1, 'EXITO', '2021-07-18 01:48:21'),
	(500, 1, 'reporte-actividades', 'descarga.php', 'cargar_categoria', 1, 'EXITO', '2021-07-18 01:48:21'),
	(501, 1, 'reporte-actividades', 'descarga.php', 'cargar_categoria', 1, 'EXITO', '2021-07-18 01:48:21'),
	(502, 1, 'reporte-actividades', 'descarga.php', 'cargar_categoria', 1, 'EXITO', '2021-07-18 01:48:21'),
	(503, 1, 'reporte-actividades', 'descarga.php', 'cargar_categoria', 1, 'EXITO', '2021-07-18 01:48:22'),
	(504, 1, 'reporte-actividades', 'descarga.php', 'cargar_categoria', 1, 'EXITO', '2021-07-18 01:48:22'),
	(505, 1, 'reporte-actividades', 'descarga.php', 'cargar_categoria', 1, 'EXITO', '2021-07-18 01:48:22'),
	(506, 1, 'reporte-actividades', 'descarga.php', 'cargar_categoria', 1, 'EXITO', '2021-07-18 01:48:22'),
	(507, 1, 'reporte-actividades', 'descarga.php', 'cargar_categoria', 1, 'EXITO', '2021-07-18 01:48:23'),
	(508, 1, 'reporte-actividades', 'descarga.php', 'cargar_categoria', 1, 'EXITO', '2021-07-18 01:48:23'),
	(509, 1, 'reporte-actividades', 'descarga.php', 'cargar_categoria', 1, 'EXITO', '2021-07-18 01:48:23'),
	(510, 1, 'reporte-actividades', 'descarga.php', 'cargar_categoria', 1, 'EXITO', '2021-07-18 01:48:23'),
	(511, 1, 'reporte-actividades', 'descarga.php', 'cargar_categoria', 1, 'EXITO', '2021-07-18 01:48:23'),
	(512, 1, 'reporte-actividades', 'descarga.php', 'cargar_categoria', 1, 'EXITO', '2021-07-18 01:48:24'),
	(513, 1, 'reporte-actividades', 'descarga.php', 'cargar_categoria', 1, 'EXITO', '2021-07-18 01:48:24'),
	(514, 1, 'reporte-actividades', 'descarga.php', 'cargar_categoria', 1, 'EXITO', '2021-07-18 01:48:24'),
	(515, 1, 'reporte-actividades', 'descarga.php', 'cargar_categoria', 1, 'EXITO', '2021-07-18 01:48:24'),
	(516, 1, 'reporte-actividades', 'descarga.php', 'cargar_categoria', 1, 'EXITO', '2021-07-18 01:48:24'),
	(517, 1, 'reporte-actividades', 'descarga.php', 'cargar_categoria', 1, 'EXITO', '2021-07-18 01:48:25'),
	(518, 1, 'reporte-actividades', 'descarga.php', 'cargar_categoria', 1, 'EXITO', '2021-07-18 01:48:25'),
	(519, 1, 'reporte-actividades', 'descarga.php', 'cargar_categoria', 1, 'EXITO', '2021-07-18 01:48:25'),
	(520, 1, 'reporte-actividades', 'descarga.php', 'cargar_categoria', 1, 'EXITO', '2021-07-18 01:48:25'),
	(521, 1, 'reporte-actividades', 'descarga.php', 'cargar_categoria', 1, 'EXITO', '2021-07-18 01:48:25'),
	(522, 1, 'reporte-actividades', 'descarga.php', 'cargar_categoria', 1, 'EXITO', '2021-07-18 01:48:25'),
	(523, 1, 'reporte-actividades', 'descarga.php', 'cargar_categoria', 1, 'EXITO', '2021-07-18 01:48:25'),
	(524, 1, 'reporte-actividades', 'descarga.php', 'cargar_categoria', 1, 'EXITO', '2021-07-18 01:48:26'),
	(525, 1, 'reporte-actividades', 'descarga.php', 'cargar_categoria', 1, 'EXITO', '2021-07-18 01:48:26'),
	(526, 1, 'reporte-actividades', 'descarga.php', 'cargar_categoria', 1, 'EXITO', '2021-07-18 01:48:26'),
	(527, 1, 'reporte-actividades', 'descarga.php', 'cargar_categoria', 1, 'EXITO', '2021-07-18 01:48:26'),
	(528, 1, 'reporte-actividades', 'descarga.php', 'cargar_categoria', 1, 'EXITO', '2021-07-18 01:48:26'),
	(529, 1, 'reporte-actividades', 'descarga.php', 'cargar_categoria', 1, 'EXITO', '2021-07-18 01:48:26'),
	(530, 1, 'reporte-actividades', 'descarga.php', 'cargar_categoria', 1, 'EXITO', '2021-07-18 01:48:26'),
	(531, 1, 'reporte-actividades', 'descarga.php', 'cargar_categoria', 1, 'EXITO', '2021-07-18 01:48:27'),
	(532, 1, 'reporte-actividades', 'descarga.php', 'cargar_categoria', 1, 'EXITO', '2021-07-18 01:48:27'),
	(533, 1, 'reporte-actividades', 'descarga.php', 'cargar_categoria', 1, 'EXITO', '2021-07-18 01:48:27'),
	(534, 1, 'reporte-actividades', 'descarga.php', 'cargar_categoria', 1, 'EXITO', '2021-07-18 01:48:27'),
	(535, 1, 'reporte-actividades', 'descarga.php', 'cargar_categoria', 1, 'EXITO', '2021-07-18 01:48:27'),
	(536, 1, 'reporte-actividades', 'descarga.php', 'cargar_categoria', 1, 'EXITO', '2021-07-18 01:48:27'),
	(537, 1, 'reporte-actividades', 'descarga.php', 'cargar_categoria', 1, 'EXITO', '2021-07-18 01:48:27'),
	(538, 1, 'reporte-actividades', 'descarga.php', 'cargar_categoria', 1, 'EXITO', '2021-07-18 01:48:27'),
	(539, 1, 'reporte-actividades', 'descarga.php', 'cargar_categoria', 1, 'EXITO', '2021-07-18 01:48:27'),
	(540, 1, 'reporte-actividades', 'descarga.php', 'cargar_categoria', 1, 'EXITO', '2021-07-18 01:48:28'),
	(541, 1, 'reporte-actividades', 'descarga.php', 'cargar_categoria', 1, 'EXITO', '2021-07-18 01:48:28'),
	(542, 1, 'reporte-actividades', 'descarga.php', 'cargar_categoria', 1, 'EXITO', '2021-07-18 01:48:28'),
	(543, 1, 'reporte-actividades', 'descarga.php', 'cargar_categoria', 1, 'EXITO', '2021-07-18 01:48:28'),
	(544, 1, 'reporte-actividades', 'descarga.php', 'cargar_categoria', 1, 'EXITO', '2021-07-18 01:48:28'),
	(545, 1, 'reporte-actividades', 'descarga.php', 'cargar_categoria', 1, 'EXITO', '2021-07-18 01:48:28'),
	(546, 1, 'reporte-actividades', 'descarga.php', 'cargar_categoria', 1, 'EXITO', '2021-07-18 01:48:28'),
	(547, 1, 'reporte-actividades', 'descarga.php', 'cargar_categoria', 1, 'EXITO', '2021-07-18 01:48:28'),
	(548, 1, 'reporte-actividades', 'descarga.php', 'cargar_categoria', 1, 'EXITO', '2021-07-18 01:48:28'),
	(549, 1, 'reporte-actividades', 'descarga.php', 'cargar_categoria', 1, 'EXITO', '2021-07-18 01:48:28'),
	(550, 1, 'reporte-actividades', 'descarga.php', 'cargar_categoria', 1, 'EXITO', '2021-07-18 01:48:28'),
	(551, 1, 'reporte-actividades', 'descarga.php', 'cargar_categoria', 1, 'EXITO', '2021-07-18 01:48:28'),
	(552, 1, 'reporte-actividades', 'descarga.php', 'cargar_categoria', 1, 'EXITO', '2021-07-18 01:48:28'),
	(553, 1, 'reporte-actividades', 'descarga.php', 'cargar_categoria', 1, 'EXITO', '2021-07-18 01:48:33'),
	(554, 1, 'reporte-actividades', 'descarga.php', 'validar', 1, 'EXITO', '2021-07-18 01:48:38'),
	(555, 1, 'reporte-actividades', 'descarga.php', 'mostrar', 1, 'EXITO', '2021-07-18 01:48:38'),
	(556, 1, 'reporte-actividades', 'descarga.php', 'validar', 1, 'EXITO', '2021-07-18 01:48:45'),
	(557, 1, 'reporte-actividades', 'descarga.php', 'mostrar', 1, 'EXITO', '2021-07-18 01:48:45'),
	(558, 1, 'inicio', 'descarga.php', 'get_token', 1, 'EXITO', '2021-07-18 01:51:29'),
	(559, 1, 'inicio', 'descarga.php', 'set_filtros', 1, 'EXITO', '2021-07-18 01:51:29'),
	(560, 1, 'inicio', 'descarga.php', 'get_token', 1, 'EXITO', '2021-07-18 01:51:29'),
	(561, 1, 'inicio', 'descarga.php', 'graficar', 1, 'EXITO', '2021-07-18 01:51:29'),
	(562, 1, 'inicio', 'descarga.php', 'get_token', 1, 'EXITO', '2021-07-19 13:08:40'),
	(563, 1, 'inicio', 'descarga.php', 'set_filtros', 1, 'EXITO', '2021-07-19 13:08:40'),
	(564, 1, 'inicio', 'descarga.php', 'get_token', 1, 'EXITO', '2021-07-19 13:08:40'),
	(565, 1, 'inicio', 'descarga.php', 'graficar', 1, 'EXITO', '2021-07-19 13:08:40'),
	(566, 1, 'reporte-actividades', 'descarga.php', 'cargar_categoria', 1, 'EXITO', '2021-07-19 13:08:50'),
	(567, 1, 'reporte-actividades', 'descarga.php', 'cargar_categoria', 1, 'EXITO', '2021-07-19 13:08:50'),
	(568, 1, 'reporte-actividades', 'descarga.php', 'cargar_categoria', 1, 'EXITO', '2021-07-19 13:08:54'),
	(569, 1, 'reporte-actividades', 'descarga.php', 'cargar_categoria', 1, 'EXITO', '2021-07-19 13:08:54'),
	(570, 1, 'reporte-actividades', 'descarga.php', 'cargar_categoria', 1, 'EXITO', '2021-07-19 13:08:54'),
	(571, 1, 'reporte-actividades', 'descarga.php', 'cargar_categoria', 1, 'EXITO', '2021-07-19 13:08:54'),
	(572, 1, 'reporte-actividades', 'descarga.php', 'cargar_categoria', 1, 'EXITO', '2021-07-19 13:08:54'),
	(573, 1, 'reporte-actividades', 'descarga.php', 'cargar_categoria', 1, 'EXITO', '2021-07-19 13:08:54'),
	(574, 1, 'reporte-actividades', 'descarga.php', 'cargar_categoria', 1, 'EXITO', '2021-07-19 13:08:54'),
	(575, 1, 'reporte-actividades', 'descarga.php', 'cargar_categoria', 1, 'EXITO', '2021-07-19 13:08:54'),
	(576, 1, 'reporte-actividades', 'descarga.php', 'cargar_categoria', 1, 'EXITO', '2021-07-19 13:08:54'),
	(577, 1, 'reporte-actividades', 'descarga.php', 'cargar_categoria', 1, 'EXITO', '2021-07-19 13:08:54'),
	(578, 1, 'reporte-actividades', 'descarga.php', 'cargar_categoria', 1, 'EXITO', '2021-07-19 13:08:54'),
	(579, 1, 'reporte-actividades', 'descarga.php', 'cargar_categoria', 1, 'EXITO', '2021-07-19 13:08:54'),
	(580, 1, 'reporte-actividades', 'descarga.php', 'cargar_categoria', 1, 'EXITO', '2021-07-19 13:08:54'),
	(581, 1, 'reporte-actividades', 'descarga.php', 'cargar_categoria', 1, 'EXITO', '2021-07-19 13:08:54'),
	(582, 1, 'reporte-actividades', 'descarga.php', 'cargar_categoria', 1, 'EXITO', '2021-07-19 13:08:54'),
	(583, 1, 'reporte-actividades', 'descarga.php', 'cargar_categoria', 1, 'EXITO', '2021-07-19 13:08:54'),
	(584, 1, 'reporte-actividades', 'descarga.php', 'cargar_categoria', 1, 'EXITO', '2021-07-19 13:08:54'),
	(585, 1, 'reporte-actividades', 'descarga.php', 'cargar_categoria', 1, 'EXITO', '2021-07-19 13:08:54'),
	(586, 1, 'reporte-actividades', 'descarga.php', 'cargar_categoria', 1, 'EXITO', '2021-07-19 13:08:54'),
	(587, 1, 'reporte-actividades', 'descarga.php', 'cargar_categoria', 1, 'EXITO', '2021-07-19 13:08:54'),
	(588, 1, 'reporte-actividades', 'descarga.php', 'cargar_categoria', 1, 'EXITO', '2021-07-19 13:08:54'),
	(589, 1, 'reporte-actividades', 'descarga.php', 'cargar_categoria', 1, 'EXITO', '2021-07-19 13:08:54'),
	(590, 1, 'reporte-actividades', 'descarga.php', 'cargar_categoria', 1, 'EXITO', '2021-07-19 13:08:54'),
	(591, 1, 'reporte-actividades', 'descarga.php', 'cargar_categoria', 1, 'EXITO', '2021-07-19 13:08:54'),
	(592, 1, 'reporte-actividades', 'descarga.php', 'cargar_categoria', 1, 'EXITO', '2021-07-19 13:08:54'),
	(593, 1, 'reporte-actividades', 'descarga.php', 'cargar_categoria', 1, 'EXITO', '2021-07-19 13:08:54'),
	(594, 1, 'reporte-actividades', 'descarga.php', 'cargar_categoria', 1, 'EXITO', '2021-07-19 13:08:54'),
	(595, 1, 'reporte-actividades', 'descarga.php', 'cargar_categoria', 1, 'EXITO', '2021-07-19 13:08:54'),
	(596, 1, 'reporte-actividades', 'descarga.php', 'cargar_categoria', 1, 'EXITO', '2021-07-19 13:08:54'),
	(597, 1, 'reporte-actividades', 'descarga.php', 'cargar_categoria', 1, 'EXITO', '2021-07-19 13:08:55'),
	(598, 1, 'reporte-actividades', 'descarga.php', 'cargar_categoria', 1, 'EXITO', '2021-07-19 13:08:55'),
	(599, 1, 'reporte-actividades', 'descarga.php', 'cargar_categoria', 1, 'EXITO', '2021-07-19 13:08:55'),
	(600, 1, 'reporte-actividades', 'descarga.php', 'cargar_categoria', 1, 'EXITO', '2021-07-19 13:08:55'),
	(601, 1, 'reporte-actividades', 'descarga.php', 'cargar_categoria', 1, 'EXITO', '2021-07-19 13:08:55'),
	(602, 1, 'reporte-actividades', 'descarga.php', 'cargar_categoria', 1, 'EXITO', '2021-07-19 13:08:55'),
	(603, 1, 'reporte-actividades', 'descarga.php', 'cargar_categoria', 1, 'EXITO', '2021-07-19 13:08:55'),
	(604, 1, 'reporte-actividades', 'descarga.php', 'cargar_categoria', 1, 'EXITO', '2021-07-19 13:08:55'),
	(605, 1, 'reporte-actividades', 'descarga.php', 'cargar_categoria', 1, 'EXITO', '2021-07-19 13:08:55'),
	(606, 1, 'reporte-actividades', 'descarga.php', 'cargar_categoria', 1, 'EXITO', '2021-07-19 13:08:55'),
	(607, 1, 'reporte-actividades', 'descarga.php', 'cargar_categoria', 1, 'EXITO', '2021-07-19 13:08:55'),
	(608, 1, 'reporte-actividades', 'descarga.php', 'cargar_categoria', 1, 'EXITO', '2021-07-19 13:08:55'),
	(609, 1, 'reporte-actividades', 'descarga.php', 'cargar_categoria', 1, 'EXITO', '2021-07-19 13:08:55'),
	(610, 1, 'reporte-actividades', 'descarga.php', 'cargar_categoria', 1, 'EXITO', '2021-07-19 13:08:55'),
	(611, 1, 'reporte-actividades', 'descarga.php', 'cargar_categoria', 1, 'EXITO', '2021-07-19 13:08:55'),
	(612, 1, 'reporte-actividades', 'descarga.php', 'cargar_categoria', 1, 'EXITO', '2021-07-19 13:08:55'),
	(613, 1, 'reporte-actividades', 'descarga.php', 'cargar_categoria', 1, 'EXITO', '2021-07-19 13:08:55'),
	(614, 1, 'reporte-actividades', 'descarga.php', 'cargar_categoria', 1, 'EXITO', '2021-07-19 13:08:55'),
	(615, 1, 'reporte-actividades', 'descarga.php', 'cargar_categoria', 1, 'EXITO', '2021-07-19 13:08:55'),
	(616, 1, 'reporte-actividades', 'descarga.php', 'cargar_categoria', 1, 'EXITO', '2021-07-19 13:08:55'),
	(617, 1, 'reporte-actividades', 'descarga.php', 'cargar_categoria', 1, 'EXITO', '2021-07-19 13:08:55'),
	(618, 1, 'reporte-actividades', 'descarga.php', 'cargar_categoria', 1, 'EXITO', '2021-07-19 13:08:55'),
	(619, 1, 'reporte-actividades', 'descarga.php', 'cargar_categoria', 1, 'EXITO', '2021-07-19 13:08:55'),
	(620, 1, 'reporte-actividades', 'descarga.php', 'cargar_categoria', 1, 'EXITO', '2021-07-19 13:08:55'),
	(621, 1, 'reporte-actividades', 'descarga.php', 'cargar_categoria', 1, 'EXITO', '2021-07-19 13:08:55'),
	(622, 1, 'reporte-actividades', 'descarga.php', 'cargar_categoria', 1, 'EXITO', '2021-07-19 13:08:55'),
	(623, 1, 'reporte-actividades', 'descarga.php', 'cargar_categoria', 1, 'EXITO', '2021-07-19 13:08:55'),
	(624, 1, 'reporte-actividades', 'descarga.php', 'cargar_categoria', 1, 'EXITO', '2021-07-19 13:08:55'),
	(625, 1, 'reporte-actividades', 'descarga.php', 'cargar_categoria', 1, 'EXITO', '2021-07-19 13:08:55'),
	(626, 1, 'reporte-actividades', 'descarga.php', 'cargar_categoria', 1, 'EXITO', '2021-07-19 13:08:55'),
	(627, 1, 'reporte-actividades', 'descarga.php', 'cargar_categoria', 1, 'EXITO', '2021-07-19 13:08:55'),
	(628, 1, 'reporte-actividades', 'descarga.php', 'validar', 1, 'EXITO', '2021-07-19 13:09:14'),
	(629, 1, 'reporte-actividades', 'descarga.php', 'mostrar', 1, 'EXITO', '2021-07-19 13:09:14'),
	(630, 1, 'reporte-actividades', 'descarga.php', 'validar', 1, 'EXITO', '2021-07-19 13:09:20'),
	(631, 1, 'reporte-actividades', 'descarga.php', 'mostrar', 1, 'EXITO', '2021-07-19 13:09:20'),
	(632, 1, 'reporte-actividades', 'descarga.php', 'validar', 1, 'EXITO', '2021-07-19 13:10:15'),
	(633, 1, 'reporte-actividades', 'descarga.php', 'mostrar', 1, 'EXITO', '2021-07-19 13:10:15'),
	(634, 1, 'reporte-actividades', 'descarga.php', 'validar', 1, 'EXITO', '2021-07-19 13:11:03'),
	(635, 1, 'reporte-actividades', 'descarga.php', 'mostrar', 1, 'EXITO', '2021-07-19 13:11:03'),
	(636, 1, 'reporte-actividades', 'descarga.php', 'mostrar', 1, 'EXITO', '2021-07-19 13:11:34'),
	(637, 1, 'reporte-actividades', 'descarga.php', 'validar', 1, 'EXITO', '2021-07-19 13:11:47'),
	(638, 1, 'reporte-actividades', 'descarga.php', 'mostrar', 1, 'EXITO', '2021-07-19 13:11:47'),
	(639, 1, 'reporte-actividades', 'descarga.php', 'validar', 1, 'EXITO', '2021-07-19 13:12:21'),
	(640, 1, 'reporte-actividades', 'descarga.php', 'mostrar', 1, 'EXITO', '2021-07-19 13:12:22'),
	(641, 1, 'reporte-actividades', 'descarga.php', 'validar', 1, 'EXITO', '2021-07-19 13:12:31'),
	(642, 1, 'reporte-actividades', 'descarga.php', 'mostrar', 1, 'EXITO', '2021-07-19 13:12:31'),
	(643, 1, 'reporte-actividades', 'descarga.php', 'validar', 1, 'EXITO', '2021-07-19 13:12:45'),
	(644, 1, 'reporte-actividades', 'descarga.php', 'mostrar', 1, 'EXITO', '2021-07-19 13:12:45'),
	(645, 1, 'reporte-actividades', 'descarga.php', 'validar', 1, 'EXITO', '2021-07-19 13:13:01'),
	(646, 1, 'reporte-actividades', 'descarga.php', 'mostrar', 1, 'EXITO', '2021-07-19 13:13:01'),
	(647, 1, 'reporte-actividades', 'descarga.php', 'validar', 1, 'EXITO', '2021-07-19 13:13:11'),
	(648, 1, 'reporte-actividades', 'descarga.php', 'mostrar', 1, 'EXITO', '2021-07-19 13:13:11'),
	(649, 1, 'reporte-actividades', 'descarga.php', 'cargar_categoria', 1, 'EXITO', '2021-07-19 13:15:41'),
	(650, 1, 'reporte-actividades', 'descarga.php', 'cargar_categoria', 1, 'EXITO', '2021-07-19 13:15:41'),
	(651, 1, 'reporte-actividades', 'descarga.php', 'cargar_categoria', 1, 'EXITO', '2021-07-19 13:16:30'),
	(652, 1, 'reporte-actividades', 'descarga.php', 'cargar_categoria', 1, 'EXITO', '2021-07-19 13:16:30'),
	(653, 1, 'reporte-actividades', 'descarga.php', 'cargar_categoria', 1, 'EXITO', '2021-07-19 13:16:47'),
	(654, 1, 'reporte-actividades', 'descarga.php', 'cargar_categoria', 1, 'EXITO', '2021-07-19 13:16:47'),
	(655, 1, 'reporte-actividades', 'descarga.php', 'cargar_categoria', 1, 'EXITO', '2021-07-19 13:17:00'),
	(656, 1, 'reporte-actividades', 'descarga.php', 'cargar_categoria', 1, 'EXITO', '2021-07-19 13:17:00'),
	(657, 1, 'reporte-actividades', 'descarga.php', 'cargar_categoria', 1, 'EXITO', '2021-07-19 13:18:57'),
	(658, 1, 'reporte-actividades', 'descarga.php', 'cargar_categoria', 1, 'EXITO', '2021-07-19 13:18:57'),
	(659, 1, 'reporte-actividades', 'descarga.php', 'cargar_categoria', 1, 'EXITO', '2021-07-19 13:19:00'),
	(660, 1, 'reporte-actividades', 'descarga.php', 'validar', 1, 'EXITO', '2021-07-19 13:19:05'),
	(661, 1, 'reporte-actividades', 'descarga.php', 'mostrar', 1, 'EXITO', '2021-07-19 13:19:06'),
	(662, 1, 'reporte-actividades', 'descarga.php', 'mostrar', 1, 'EXITO', '2021-07-19 13:20:40'),
	(663, 1, 'reporte-actividades', 'descarga.php', 'mostrar', 1, 'EXITO', '2021-07-19 13:20:59'),
	(664, 1, 'reporte-actividades', 'descarga.php', 'validar', 1, 'EXITO', '2021-07-19 13:21:18'),
	(665, 1, 'reporte-actividades', 'descarga.php', 'mostrar', 1, 'EXITO', '2021-07-19 13:21:18'),
	(666, 1, 'reporte-actividades', 'descarga.php', 'validar', 1, 'EXITO', '2021-07-19 13:21:31'),
	(667, 1, 'reporte-actividades', 'descarga.php', 'mostrar', 1, 'EXITO', '2021-07-19 13:21:31'),
	(668, 1, 'reporte-actividades', 'descarga.php', 'cargar_categoria', 1, 'EXITO', '2021-07-19 13:21:36'),
	(669, 1, 'reporte-actividades', 'descarga.php', 'cargar_categoria', 1, 'EXITO', '2021-07-19 13:21:36'),
	(670, 1, 'reporte-actividades', 'descarga.php', 'cargar_categoria', 1, 'EXITO', '2021-07-19 13:21:36'),
	(671, 1, 'reporte-actividades', 'descarga.php', 'cargar_categoria', 1, 'EXITO', '2021-07-19 13:21:36'),
	(672, 1, 'reporte-actividades', 'descarga.php', 'cargar_categoria', 1, 'EXITO', '2021-07-19 13:21:37'),
	(673, 1, 'reporte-actividades', 'descarga.php', 'cargar_categoria', 1, 'EXITO', '2021-07-19 13:21:37'),
	(674, 1, 'reporte-actividades', 'descarga.php', 'cargar_categoria', 1, 'EXITO', '2021-07-19 13:21:37'),
	(675, 1, 'reporte-actividades', 'descarga.php', 'cargar_categoria', 1, 'EXITO', '2021-07-19 13:21:37'),
	(676, 1, 'reporte-actividades', 'descarga.php', 'cargar_categoria', 1, 'EXITO', '2021-07-19 13:21:37'),
	(677, 1, 'reporte-actividades', 'descarga.php', 'cargar_categoria', 1, 'EXITO', '2021-07-19 13:21:37'),
	(678, 1, 'reporte-actividades', 'descarga.php', 'cargar_categoria', 1, 'EXITO', '2021-07-19 13:21:37'),
	(679, 1, 'reporte-actividades', 'descarga.php', 'cargar_categoria', 1, 'EXITO', '2021-07-19 13:21:37'),
	(680, 1, 'reporte-actividades', 'descarga.php', 'cargar_categoria', 1, 'EXITO', '2021-07-19 13:21:37'),
	(681, 1, 'reporte-actividades', 'descarga.php', 'cargar_categoria', 1, 'EXITO', '2021-07-19 13:21:37'),
	(682, 1, 'reporte-actividades', 'descarga.php', 'cargar_categoria', 1, 'EXITO', '2021-07-19 13:21:38'),
	(683, 1, 'reporte-actividades', 'descarga.php', 'cargar_categoria', 1, 'EXITO', '2021-07-19 13:21:38'),
	(684, 1, 'reporte-actividades', 'descarga.php', 'cargar_categoria', 1, 'EXITO', '2021-07-19 13:21:38'),
	(685, 1, 'reporte-actividades', 'descarga.php', 'cargar_categoria', 1, 'EXITO', '2021-07-19 13:21:38'),
	(686, 1, 'reporte-actividades', 'descarga.php', 'cargar_categoria', 1, 'EXITO', '2021-07-19 13:21:38'),
	(687, 1, 'reporte-actividades', 'descarga.php', 'cargar_categoria', 1, 'EXITO', '2021-07-19 13:21:38'),
	(688, 1, 'reporte-actividades', 'descarga.php', 'cargar_categoria', 1, 'EXITO', '2021-07-19 13:21:38'),
	(689, 1, 'reporte-actividades', 'descarga.php', 'cargar_categoria', 1, 'EXITO', '2021-07-19 13:21:38'),
	(690, 1, 'reporte-actividades', 'descarga.php', 'cargar_categoria', 1, 'EXITO', '2021-07-19 13:21:38'),
	(691, 1, 'reporte-actividades', 'descarga.php', 'cargar_categoria', 1, 'EXITO', '2021-07-19 13:21:39'),
	(692, 1, 'reporte-actividades', 'descarga.php', 'cargar_categoria', 1, 'EXITO', '2021-07-19 13:21:39'),
	(693, 1, 'reporte-actividades', 'descarga.php', 'cargar_categoria', 1, 'EXITO', '2021-07-19 13:21:39'),
	(694, 1, 'reporte-actividades', 'descarga.php', 'cargar_categoria', 1, 'EXITO', '2021-07-19 13:21:39'),
	(695, 1, 'reporte-actividades', 'descarga.php', 'cargar_categoria', 1, 'EXITO', '2021-07-19 13:21:39'),
	(696, 1, 'reporte-actividades', 'descarga.php', 'cargar_categoria', 1, 'EXITO', '2021-07-19 13:21:39'),
	(697, 1, 'reporte-actividades', 'descarga.php', 'cargar_categoria', 1, 'EXITO', '2021-07-19 13:21:39'),
	(698, 1, 'reporte-actividades', 'descarga.php', 'cargar_categoria', 1, 'EXITO', '2021-07-19 13:21:39'),
	(699, 1, 'reporte-actividades', 'descarga.php', 'cargar_categoria', 1, 'EXITO', '2021-07-19 13:21:40'),
	(700, 1, 'reporte-actividades', 'descarga.php', 'cargar_categoria', 1, 'EXITO', '2021-07-19 13:21:40'),
	(701, 1, 'reporte-actividades', 'descarga.php', 'cargar_categoria', 1, 'EXITO', '2021-07-19 13:21:40'),
	(702, 1, 'reporte-actividades', 'descarga.php', 'cargar_categoria', 1, 'EXITO', '2021-07-19 13:21:40'),
	(703, 1, 'reporte-actividades', 'descarga.php', 'cargar_categoria', 1, 'EXITO', '2021-07-19 13:21:41'),
	(704, 1, 'reporte-actividades', 'descarga.php', 'cargar_categoria', 1, 'EXITO', '2021-07-19 13:21:41'),
	(705, 1, 'reporte-actividades', 'descarga.php', 'cargar_categoria', 1, 'EXITO', '2021-07-19 13:21:41'),
	(706, 1, 'reporte-actividades', 'descarga.php', 'cargar_categoria', 1, 'EXITO', '2021-07-19 13:21:42'),
	(707, 1, 'reporte-actividades', 'descarga.php', 'cargar_categoria', 1, 'EXITO', '2021-07-19 13:21:42'),
	(708, 1, 'reporte-actividades', 'descarga.php', 'cargar_categoria', 1, 'EXITO', '2021-07-19 13:21:42'),
	(709, 1, 'reporte-actividades', 'descarga.php', 'cargar_categoria', 1, 'EXITO', '2021-07-19 13:21:42'),
	(710, 1, 'reporte-actividades', 'descarga.php', 'cargar_categoria', 1, 'EXITO', '2021-07-19 13:21:42'),
	(711, 1, 'reporte-actividades', 'descarga.php', 'cargar_categoria', 1, 'EXITO', '2021-07-19 13:21:43'),
	(712, 1, 'reporte-actividades', 'descarga.php', 'cargar_categoria', 1, 'EXITO', '2021-07-19 13:21:43'),
	(713, 1, 'reporte-actividades', 'descarga.php', 'cargar_categoria', 1, 'EXITO', '2021-07-19 13:21:43'),
	(714, 1, 'reporte-actividades', 'descarga.php', 'cargar_categoria', 1, 'EXITO', '2021-07-19 13:21:43'),
	(715, 1, 'reporte-actividades', 'descarga.php', 'cargar_categoria', 1, 'EXITO', '2021-07-19 13:21:43'),
	(716, 1, 'reporte-actividades', 'descarga.php', 'cargar_categoria', 1, 'EXITO', '2021-07-19 13:21:44'),
	(717, 1, 'reporte-actividades', 'descarga.php', 'cargar_categoria', 1, 'EXITO', '2021-07-19 13:21:44'),
	(718, 1, 'reporte-actividades', 'descarga.php', 'cargar_categoria', 1, 'EXITO', '2021-07-19 13:21:44'),
	(719, 1, 'reporte-actividades', 'descarga.php', 'cargar_categoria', 1, 'EXITO', '2021-07-19 13:21:44'),
	(720, 1, 'reporte-actividades', 'descarga.php', 'cargar_categoria', 1, 'EXITO', '2021-07-19 13:21:45'),
	(721, 1, 'reporte-actividades', 'descarga.php', 'cargar_categoria', 1, 'EXITO', '2021-07-19 13:21:45'),
	(722, 1, 'reporte-actividades', 'descarga.php', 'cargar_categoria', 1, 'EXITO', '2021-07-19 13:21:45'),
	(723, 1, 'reporte-actividades', 'descarga.php', 'cargar_categoria', 1, 'EXITO', '2021-07-19 13:21:45'),
	(724, 1, 'reporte-actividades', 'descarga.php', 'cargar_categoria', 1, 'EXITO', '2021-07-19 13:21:45'),
	(725, 1, 'reporte-actividades', 'descarga.php', 'cargar_categoria', 1, 'EXITO', '2021-07-19 13:21:46'),
	(726, 1, 'reporte-actividades', 'descarga.php', 'cargar_categoria', 1, 'EXITO', '2021-07-19 13:21:46'),
	(727, 1, 'reporte-actividades', 'descarga.php', 'cargar_categoria', 1, 'EXITO', '2021-07-19 13:21:46'),
	(728, 1, 'reporte-actividades', 'descarga.php', 'validar', 1, 'EXITO', '2021-07-19 13:22:12'),
	(729, 1, 'reporte-actividades', 'descarga.php', 'mostrar', 1, 'EXITO', '2021-07-19 13:22:12'),
	(730, 1, 'reporte-actividades', 'descarga.php', 'cargar_categoria', 1, 'EXITO', '2021-07-19 13:22:20'),
	(731, 1, 'reporte-actividades', 'descarga.php', 'validar', 1, 'EXITO', '2021-07-19 13:22:26'),
	(732, 1, 'reporte-actividades', 'descarga.php', 'mostrar', 1, 'EXITO', '2021-07-19 13:22:26'),
	(733, 1, 'reporte-actividades', 'descarga.php', 'mostrar', 1, 'EXITO', '2021-07-19 13:23:48'),
	(734, 1, 'inicio', 'descarga.php', 'get_token', 1, 'EXITO', '2021-07-19 13:24:02'),
	(735, 1, 'inicio', 'descarga.php', 'set_filtros', 1, 'EXITO', '2021-07-19 13:24:02'),
	(736, 1, 'inicio', 'descarga.php', 'get_token', 1, 'EXITO', '2021-07-19 13:24:02'),
	(737, 1, 'inicio', 'descarga.php', 'graficar', 1, 'EXITO', '2021-07-19 13:24:03'),
	(738, 1, 'inicio', 'descarga.php', 'get_token', 1, 'EXITO', '2021-07-19 13:28:13'),
	(739, 1, 'inicio', 'descarga.php', 'set_filtros', 1, 'EXITO', '2021-07-19 13:28:13'),
	(740, 1, 'inicio', 'descarga.php', 'get_token', 1, 'EXITO', '2021-07-19 13:28:13'),
	(741, 1, 'inicio', 'descarga.php', 'graficar', 1, 'EXITO', '2021-07-19 13:28:14'),
	(742, 1, 'inicio', 'descarga.php', 'ver_mas', 1, 'EXITO', '2021-07-19 13:28:17'),
	(743, 1, 'inicio', 'descarga.php', 'ver_mas', 1, 'EXITO', '2021-07-19 13:28:24'),
	(744, 1, 'inicio', 'descarga.php', 'get_token', 1, 'EXITO', '2021-07-19 17:46:04'),
	(745, 1, 'inicio', 'descarga.php', 'set_filtros', 1, 'EXITO', '2021-07-19 17:46:05'),
	(746, 1, 'inicio', 'descarga.php', 'get_token', 1, 'EXITO', '2021-07-19 17:46:05'),
	(747, 1, 'inicio', 'descarga.php', 'graficar', 1, 'EXITO', '2021-07-19 17:46:05'),
	(748, 1, 'inicio', 'descarga.php', 'ver_mas', 1, 'EXITO', '2021-07-19 17:46:21'),
	(749, 1, 'inicio', 'descarga.php', 'ver_mas', 1, 'EXITO', '2021-07-19 17:49:51'),
	(750, 1, 'inicio', 'descarga.php', 'ver_mas', 1, 'EXITO', '2021-07-19 17:49:55'),
	(751, 1, 'inicio', 'descarga.php', 'ver_mas', 1, 'EXITO', '2021-07-19 17:51:07'),
	(752, 1, 'inicio', 'descarga.php', 'ver_mas', 1, 'EXITO', '2021-07-19 17:51:27'),
	(753, 1, 'inicio', 'descarga.php', 'ver_mas', 1, 'EXITO', '2021-07-19 17:51:39'),
	(754, 1, 'inicio', 'descarga.php', 'ver_mas', 1, 'EXITO', '2021-07-19 17:51:59'),
	(755, 1, 'inicio', 'descarga.php', 'ver_mas', 1, 'EXITO', '2021-07-19 17:52:19'),
	(756, 1, 'inicio', 'descarga.php', 'ver_mas', 1, 'EXITO', '2021-07-19 17:53:13'),
	(757, 1, 'inicio', 'descarga.php', 'ver_mas', 1, 'EXITO', '2021-07-19 17:54:59'),
	(758, 1, 'inicio', 'descarga.php', 'ver_mas', 1, 'EXITO', '2021-07-19 17:55:09'),
	(759, 1, 'inicio', 'descarga.php', 'ver_mas', 1, 'EXITO', '2021-07-19 17:55:16'),
	(760, 1, 'inicio', 'descarga.php', 'ver_mas', 1, 'EXITO', '2021-07-19 17:55:57'),
	(761, 1, 'inicio', 'descarga.php', 'ver_mas', 1, 'EXITO', '2021-07-19 17:56:12'),
	(762, 1, 'inicio', 'descarga.php', 'ver_mas', 1, 'EXITO', '2021-07-19 17:56:33'),
	(763, 1, 'inicio', 'descarga.php', 'ver_mas', 1, 'EXITO', '2021-07-19 17:56:36'),
	(764, 1, 'inicio', 'descarga.php', 'ver_mas', 1, 'EXITO', '2021-07-19 17:57:11'),
	(765, 1, 'inicio', 'descarga.php', 'ver_mas', 1, 'EXITO', '2021-07-19 17:57:18'),
	(766, 1, 'inicio', 'descarga.php', 'ver_mas', 1, 'EXITO', '2021-07-19 17:57:35'),
	(767, 1, 'inicio', 'descarga.php', 'ver_mas', 1, 'EXITO', '2021-07-19 17:57:43'),
	(768, 1, 'inicio', 'descarga.php', 'ver_mas', 1, 'EXITO', '2021-07-19 17:57:46'),
	(769, 1, 'reporte-actividades', 'descarga.php', 'cargar_categoria', 1, 'EXITO', '2021-07-19 17:58:04'),
	(770, 1, 'reporte-actividades', 'descarga.php', 'cargar_categoria', 1, 'EXITO', '2021-07-19 17:58:04'),
	(771, 1, 'inicio', 'descarga.php', 'get_token', 1, 'EXITO', '2021-07-19 17:58:15'),
	(772, 1, 'inicio', 'descarga.php', 'set_filtros', 1, 'EXITO', '2021-07-19 17:58:15'),
	(773, 1, 'inicio', 'descarga.php', 'get_token', 1, 'EXITO', '2021-07-19 17:58:15'),
	(774, 1, 'inicio', 'descarga.php', 'graficar', 1, 'EXITO', '2021-07-19 17:58:15'),
	(775, 1, 'inicio', 'descarga.php', 'get_token', 1, 'EXITO', '2021-07-30 01:12:36'),
	(776, 1, 'inicio', 'descarga.php', 'set_filtros', 1, 'EXITO', '2021-07-30 01:12:36'),
	(777, 1, 'inicio', 'descarga.php', 'get_token', 1, 'EXITO', '2021-07-30 01:12:36'),
	(778, 1, 'inicio', 'descarga.php', 'graficar', 1, 'EXITO', '2021-07-30 01:12:36'),
	(779, 1, 'inicio', 'descarga.php', 'ver_mas', 1, 'EXITO', '2021-07-30 01:13:26'),
	(780, 1, 'inicio', 'descarga.php', 'get_token', 1, 'EXITO', '2021-07-31 00:23:40'),
	(781, 1, 'inicio', 'descarga.php', 'set_filtros', 1, 'EXITO', '2021-07-31 00:23:40'),
	(782, 1, 'inicio', 'descarga.php', 'get_token', 1, 'EXITO', '2021-07-31 00:23:40'),
	(783, 1, 'inicio', 'descarga.php', 'graficar', 1, 'EXITO', '2021-07-31 00:23:41'),
	(784, 1, 'inicio', 'descarga.php', 'get_token', 1, 'EXITO', '2021-07-31 00:24:13'),
	(785, 1, 'inicio', 'descarga.php', 'set_filtros', 1, 'EXITO', '2021-07-31 00:24:13'),
	(786, 1, 'inicio', 'descarga.php', 'get_token', 1, 'EXITO', '2021-07-31 00:24:13'),
	(787, 1, 'inicio', 'descarga.php', 'graficar', 1, 'EXITO', '2021-07-31 00:24:13'),
	(788, 1, 'inicio', 'descarga.php', 'graficar', 1, 'EXITO', '2021-07-31 00:27:03'),
	(789, 1, 'inicio', 'descarga.php', 'get_token', 1, 'EXITO', '2021-07-31 00:27:03'),
	(790, 1, 'inicio', 'descarga.php', 'graficar', 1, 'EXITO', '2021-07-31 00:28:19'),
	(791, 1, 'gestion-menu', 'descarga.php', 'listar', 1, 'EXITO', '2021-08-13 20:05:19'),
	(792, 1, 'gestion-menu', 'descarga.php', 'asignar', 1, 'EXITO', '2021-08-13 20:05:24'),
	(793, 1, 'gestion-menu', 'descarga.php', 'modificar', 1, 'EXITO', '2021-08-13 20:05:28'),
	(794, 1, 'gestion-menu', 'descarga.php', 'asignar', 1, 'EXITO', '2021-08-13 20:05:32'),
	(795, 1, 'gestion-menu', 'descarga.php', 'modificar', 1, 'EXITO', '2021-08-13 20:05:36'),
	(796, 1, 'gestion-menu', 'descarga.php', 'listar', 1, 'EXITO', '2021-08-13 20:05:40'),
	(797, 1, 'gestion-menu', 'descarga.php', 'listar', 1, 'EXITO', '2021-08-13 20:06:53'),
	(798, 1, 'gestion-menu', 'descarga.php', 'listar', 1, 'EXITO', '2021-08-13 20:07:15'),
	(799, 1, 'usabilidad-sistema', '404.php', NULL, 2, 'Vinculo no valido !!!', '2021-08-13 20:07:22'),
	(800, 1, 'usabilidad-sistema', '404.php', NULL, 2, 'Vinculo no valido !!!', '2021-08-13 20:07:42'),
	(801, 1, 'datos-basicos', '404.php', NULL, 2, 'Vinculo no valido !!!', '2021-08-13 20:07:46'),
	(802, 1, 'editor-codigos', '404.php', NULL, 2, 'Vinculo no valido !!!', '2021-08-13 20:08:00'),
	(803, 1, 'gestion-de-acciones', 'descarga.php', 'listar', 1, 'EXITO', '2021-08-13 20:08:08'),
	(804, 1, 'gestion-de-acciones', 'descarga.php', 'listar', 1, 'EXITO', '2021-08-13 20:08:14'),
	(805, 1, 'crear-formulario-crud', 'descarga.php', 'cargarInfoFormulario', 1, 'EXITO', '2021-08-13 20:08:49'),
	(806, 1, 'crear-formulario-crud', 'descarga.php', 'verificar', 1, 'EXITO', '2021-08-13 20:08:49'),
	(807, 1, 'gestion-menu', 'descarga.php', 'listar', 1, 'EXITO', '2021-08-13 20:08:58'),
	(808, 1, 'gestion-menu', 'descarga.php', 'agregar', 1, 'EXITO', '2021-08-13 20:09:30'),
	(809, 1, 'gestion-menu', 'descarga.php', 'listar', 1, 'EXITO', '2021-08-13 20:09:37'),
	(810, 1, 'permisos-por-rol', 'descarga.php', 'cargar', 1, 'EXITO', '2021-08-13 20:10:09'),
	(811, 1, 'permisos-por-rol', 'descarga.php', 'guardar', 1, 'EXITO', '2021-08-13 20:10:14'),
	(812, 1, 'crear-formulario-crud', 'descarga.php', 'cargarInfoFormulario', 1, 'EXITO', '2021-08-13 20:10:33'),
	(813, 1, 'crear-formulario-crud', 'descarga.php', 'verificar', 1, 'EXITO', '2021-08-13 20:10:33'),
	(814, 1, 'crear-formulario-crud', 'descarga.php', 'generar', 1, 'EXITO', '2021-08-13 20:10:50'),
	(815, 1, 'select_admin', '404.php', NULL, 2, 'Vinculo no valido !!!', '2021-08-13 20:11:14'),
	(816, 1, 'time-festivos', 'descarga.php', 'listar', 1, 'EXITO', '2021-08-13 20:11:20'),
	(817, 1, 'crear-formulario-libre', 'descarga.php', 'verificar', 1, 'EXITO', '2021-08-13 20:11:36'),
	(818, 1, 'crear-formulario-libre', 'descarga.php', 'verificar', 1, 'EXITO', '2021-08-13 20:11:47'),
	(819, 1, 'crear-formulario-libre', 'descarga.php', 'generar', 1, 'EXITO', '2021-08-13 20:12:18'),
	(820, 1, 'time-festivos', 'descarga.php', 'listar', 1, 'EXITO', '2021-08-13 20:12:22'),
	(821, 1, 'cerrar-sesion', 'descarga.php', 'cerrarSesion', 1, 'EXITO', '2021-08-13 20:14:27'),
	(822, 1533, 'cerrar-sesion', 'descarga.php', 'cerrarSesion', 1, 'EXITO', '2022-11-18 17:08:04'),
	(823, 1, 'usuarios', 'descarga.php', 'listar', 1, 'EXITO', '2022-11-18 17:24:09'),
	(824, 1, 'usuarios', 'descarga.php', 'listarPersonas', 1, 'EXITO', '2022-11-18 17:24:20'),
	(825, 1, 'usuarios', 'descarga.php', 'listarPersonas', 1, 'EXITO', '2022-11-18 17:24:24'),
	(826, 1, 'usuarios', 'descarga.php', 'listarPersonas', 1, 'EXITO', '2022-11-18 17:24:25'),
	(827, 1, 'usuarios', 'descarga.php', 'listarPersonas', 1, 'EXITO', '2022-11-18 17:24:28'),
	(828, 1, 'usuarios', 'descarga.php', 'listarPersonas', 1, 'EXITO', '2022-11-18 17:24:29'),
	(829, 1, 'roles', 'descarga.php', 'listar', 1, 'EXITO', '2022-11-18 17:25:17'),
	(830, 1, 'usuarios', 'descarga.php', 'listar', 1, 'EXITO', '2022-11-18 17:25:25'),
	(831, 1, 'usuarios', 'descarga.php', 'listar', 1, 'EXITO', '2022-11-18 17:26:56'),
	(832, 1, 'usuarios', 'descarga.php', 'listar', 1, 'EXITO', '2022-11-18 17:31:28'),
	(833, 1, 'cerrar-sesion', 'descarga.php', 'cerrarSesion', 1, 'EXITO', '2022-11-18 17:31:41'),
	(834, 1, 'usuarios', 'descarga.php', 'listar', 1, 'EXITO', '2022-11-18 17:37:05'),
	(835, 1, 'usuarios', 'descarga.php', 'listar', 1, 'EXITO', '2022-11-18 17:37:54'),
	(836, 1, 'usuarios', 'descarga.php', 'listar', 1, 'EXITO', '2022-11-18 17:38:21'),
	(837, 1, 'crear-formulario-crud', 'descarga.php', 'cargarInfoFormulario', 1, 'EXITO', '2022-11-18 17:57:23'),
	(838, 1, 'crear-formulario-crud', 'descarga.php', 'verificar', 1, 'EXITO', '2022-11-18 17:57:24'),
	(839, 1, 'crear-formulario-crud', 'descarga.php', 'verificar', 1, 'EXITO', '2022-11-18 17:58:14'),
	(840, 1, 'gestion-menu', 'descarga.php', 'listar', 1, 'EXITO', '2022-11-18 17:58:26'),
	(841, 1, 'crear-formulario-crud', 'descarga.php', 'verificar', 1, 'EXITO', '2022-11-18 17:59:24'),
	(842, 1, 'crear-formulario-crud', 'descarga.php', 'generar', 1, 'EXITO', '2022-11-18 18:01:35'),
	(843, 1, 'gestion-menu', 'descarga.php', 'listar', 1, 'EXITO', '2022-11-18 18:01:45'),
	(844, 1, 'productos', 'descarga.php', 'listar', 1, 'EXITO', '2022-11-18 18:01:49'),
	(845, 1, 'productos', 'descarga.php', 'listar', 1, 'EXITO', '2022-11-18 18:06:07'),
	(846, 1, 'productos', 'descarga.php', 'asignar', 1, 'EXITO', '2022-11-18 18:06:15'),
	(847, 1, 'productos', 'descarga.php', 'agregar', 1, 'EXITO', '2022-11-18 18:06:40'),
	(848, 1, 'productos', 'descarga.php', 'listar', 1, 'EXITO', '2022-11-18 18:06:51'),
	(849, 1, 'productos', 'descarga.php', 'listar', 1, 'EXITO', '2022-11-18 18:14:49'),
	(850, 1, 'productos', 'descarga.php', 'asignar', 1, 'EXITO', '2022-11-18 18:14:53'),
	(851, 1, 'productos', 'descarga.php', 'eliminar', 1, 'EXITO', '2022-11-18 18:14:57'),
	(852, 1, 'productos', 'descarga.php', 'asignar', 1, 'EXITO', '2022-11-18 18:15:02'),
	(853, 1, 'productos', 'descarga.php', 'asignar', 1, 'EXITO', '2022-11-18 18:15:09'),
	(854, 1, 'productos', 'descarga.php', 'listar', 1, 'EXITO', '2022-11-18 18:28:59'),
	(855, 1, 'productos', 'descarga.php', 'asignar', 1, 'EXITO', '2022-11-18 18:29:02'),
	(856, 1, 'productos', 'descarga.php', 'listar', 1, 'EXITO', '2022-11-18 18:44:58'),
	(857, 1, 'productos', 'descarga.php', 'listar', 1, 'EXITO', '2022-11-18 19:48:45'),
	(858, 1, 'productos', 'descarga.php', 'agregar', 1, 'EXITO', '2022-11-18 19:49:16'),
	(859, 1, 'productos', 'descarga.php', 'listar', 1, 'EXITO', '2022-11-18 19:57:56'),
	(860, 1, 'editar-relevancia', '404.php', NULL, 2, 'Vinculo no valido !!!', '2022-11-18 20:10:24'),
	(861, 1, 'editar-relevancia', '404.php', NULL, 2, 'Vinculo no valido !!!', '2022-11-18 20:10:47'),
	(862, 1, 'editar-relevancia', '404.php', NULL, 2, 'Vinculo no valido !!!', '2022-11-18 20:13:19'),
	(863, 1, 'editar-relevancia', '404.php', NULL, 2, 'Vinculo no valido !!!', '2022-11-18 20:13:43'),
	(864, 1, 'editar-relevancia', '404.php', NULL, 2, 'Vinculo no valido !!!', '2022-11-18 20:13:53'),
	(865, 1, 'editar-relevancia', '404.php', NULL, 2, 'Vinculo no valido !!!', '2022-11-18 20:15:10'),
	(866, 1, 'editar-relevancia', '404.php', NULL, 2, 'Vinculo no valido !!!', '2022-11-18 20:15:20'),
	(867, 1, 'detalle-compra', '404.php', NULL, 2, 'Vinculo no valido !!!', '2022-11-18 20:17:08'),
	(868, 1, 'detalle-compra', '404.php', NULL, 2, 'Vinculo no valido !!!', '2022-11-18 20:19:19'),
	(869, 1, 'crear-formulario-libre', 'descarga.php', 'verificar', 1, 'EXITO', '2022-11-18 20:20:00'),
	(870, 1, 'crear-formulario-libre', 'descarga.php', 'verificar', 1, 'EXITO', '2022-11-18 20:20:28'),
	(871, 1, 'crear-formulario-libre', 'descarga.php', 'verificar', 1, 'EXITO', '2022-11-18 20:21:14'),
	(872, 1, 'crear-formulario-libre', 'descarga.php', 'verificar', 1, 'EXITO', '2022-11-18 20:21:47'),
	(873, 1, 'crear-formulario-libre', 'descarga.php', 'verificar', 1, 'EXITO', '2022-11-18 20:21:52'),
	(874, 1, 'crear-formulario-libre', 'descarga.php', 'verificar', 1, 'EXITO', '2022-11-18 20:21:56'),
	(875, 1, 'crear-formulario-libre', 'descarga.php', 'verificar', 1, 'EXITO', '2022-11-18 20:22:19'),
	(876, 1, 'crear-formulario-libre', 'descarga.php', 'generar', 1, 'EXITO', '2022-11-18 20:22:31'),
	(877, 1, 'crear-formulario-libre', 'descarga.php', 'verificar', 1, 'EXITO', '2022-11-18 20:22:47'),
	(878, 1, 'crear-formulario-libre', 'descarga.php', 'verificar', 1, 'EXITO', '2022-11-18 20:22:53'),
	(879, 1, 'crear-formulario-libre', 'descarga.php', 'verificar', 1, 'EXITO', '2022-11-18 20:23:01'),
	(880, 1, 'crear-formulario-libre', 'descarga.php', 'generar', 1, 'EXITO', '2022-11-18 20:23:07'),
	(881, 1, 'gestion-menu', 'descarga.php', 'listar', 1, 'EXITO', '2022-11-18 20:23:27'),
	(882, 1, 'gestion-menu', 'descarga.php', 'asignar', 1, 'EXITO', '2022-11-18 20:23:59'),
	(883, 1, 'gestion-menu', 'descarga.php', 'modificar', 1, 'EXITO', '2022-11-18 20:24:15'),
	(884, 1, 'gestion-menu', 'descarga.php', 'listar', 1, 'EXITO', '2022-11-18 20:24:20'),
	(885, 1, 'detalle-compra', 'descarga.php', 'aceptar', 1, 'EXITO', '2022-11-18 21:22:58'),
	(886, 1, 'detalle-compra', 'descarga.php', 'aceptar', 1, 'EXITO', '2022-11-18 21:23:43'),
	(887, 1, 'detalle-compra', 'descarga.php', 'aceptar', 1, 'EXITO', '2022-11-18 21:24:10'),
	(888, 1, 'detalle-compra', 'descarga.php', 'aceptar', 1, 'EXITO', '2022-11-18 21:24:43'),
	(889, 1, 'detalle-compra', 'descarga.php', 'aceptar', 1, 'EXITO', '2022-11-18 21:25:11'),
	(890, 1, 'detalle-compra', 'descarga.php', 'aceptar', 1, 'EXITO', '2022-11-18 21:33:12'),
	(891, 1, 'detalle-compra', 'descarga.php', 'aceptar', 1, 'EXITO', '2022-11-18 21:34:25'),
	(892, 1, 'detalle-compra', 'descarga.php', 'aceptar', 1, 'EXITO', '2022-11-18 21:36:34'),
	(893, 1, 'detalle-compra', 'descarga.php', 'aceptar', 1, 'EXITO', '2022-11-18 21:36:34'),
	(894, 1, 'detalle-compra', 'descarga.php', 'aceptar', 1, 'EXITO', '2022-11-18 21:37:51'),
	(895, 1, 'detalle-compra', 'descarga.php', 'aceptar', 1, 'EXITO', '2022-11-18 21:38:43'),
	(896, 1, 'detalle-compra', 'descarga.php', 'aceptar', 1, 'EXITO', '2022-11-18 21:41:11'),
	(897, 1, 'detalle-compra', 'descarga.php', 'aceptar', 1, 'EXITO', '2022-11-18 21:42:15'),
	(898, 1, 'detalle-compra', 'descarga.php', 'aceptar', 1, 'EXITO', '2022-11-18 21:43:56'),
	(899, 1, 'detalle-compra', 'descarga.php', 'aceptar', 1, 'EXITO', '2022-11-18 21:44:18'),
	(900, 1, 'detalle-compra', 'descarga.php', 'aceptar', 1, 'EXITO', '2022-11-18 21:45:08'),
	(901, 1, 'detalle-compra', 'descarga.php', 'aceptar', 1, 'EXITO', '2022-11-18 21:59:38'),
	(902, 1, 'detalle-compra', 'descarga.php', 'aceptar', 1, 'EXITO', '2022-11-18 22:09:56'),
	(903, 1, 'detalle-compra', 'descarga.php', 'aceptar', 1, 'EXITO', '2022-11-18 22:14:04'),
	(904, 1, 'detalle-compra', 'descarga.php', 'aceptar', 1, 'EXITO', '2022-11-18 22:14:19'),
	(905, 1, 'detalle-compra', 'descarga.php', 'aceptar', 1, 'EXITO', '2022-11-18 22:20:50'),
	(906, 1, 'crear-formulario-libre', 'descarga.php', 'verificar', 1, 'EXITO', '2022-11-18 22:28:03'),
	(907, 1, 'crear-formulario-libre', 'descarga.php', 'verificar', 1, 'EXITO', '2022-11-18 22:48:08'),
	(908, 1, 'cerrar-sesion', 'descarga.php', 'cerrarSesion', 1, 'EXITO', '2022-11-19 00:18:41'),
	(909, 1, 'detalle-compra', 'descarga.php', 'aceptar', 1, 'EXITO', '2022-11-19 00:22:29'),
	(910, 1, 'gestion-menu', 'descarga.php', 'listar', 1, 'EXITO', '2022-11-19 01:14:45'),
	(911, 1, 'gestion-menu', 'descarga.php', 'asignar', 1, 'EXITO', '2022-11-19 01:14:57'),
	(912, 1, 'gestion-menu', 'descarga.php', 'eliminar', 1, 'EXITO', '2022-11-19 01:15:03'),
	(913, 1, 'gestion-menu', 'descarga.php', 'asignar', 1, 'EXITO', '2022-11-19 01:15:17'),
	(914, 1, 'gestion-menu', 'descarga.php', 'eliminar', 1, 'EXITO', '2022-11-19 01:15:21'),
	(915, 1, 'gestion-menu', 'descarga.php', 'asignar', 1, 'EXITO', '2022-11-19 01:15:28'),
	(916, 1, 'gestion-menu', 'descarga.php', 'eliminar', 1, 'EXITO', '2022-11-19 01:15:35'),
	(917, 1, 'gestion-menu', 'descarga.php', 'asignar', 1, 'EXITO', '2022-11-19 01:15:50'),
	(918, 1, 'gestion-menu', 'descarga.php', 'eliminar', 1, 'EXITO', '2022-11-19 01:15:55'),
	(919, 1, 'gestion-menu', 'descarga.php', 'listar', 1, 'EXITO', '2022-11-19 01:15:58'),
	(920, 1, 'gestion-menu', 'descarga.php', 'asignar', 1, 'EXITO', '2022-11-19 01:16:09'),
	(921, 1, 'gestion-menu', 'descarga.php', 'modificar', 1, 'EXITO', '2022-11-19 01:16:21'),
	(922, 1, 'gestion-menu', 'descarga.php', 'listar', 1, 'EXITO', '2022-11-19 01:16:25'),
	(923, 1, 'productos', 'descarga.php', 'listar', 1, 'EXITO', '2022-11-19 01:16:38'),
	(924, 1, 'productos', 'descarga.php', 'asignar', 1, 'EXITO', '2022-11-19 01:16:52'),
	(925, 1, 'crear-formulario-crud', 'descarga.php', 'cargarInfoFormulario', 1, 'EXITO', '2022-11-19 01:17:20'),
	(926, 1, 'crear-formulario-crud', 'descarga.php', 'verificar', 1, 'EXITO', '2022-11-19 01:17:20'),
	(927, 1, 'crear-formulario-crud', 'descarga.php', 'verificar', 1, 'EXITO', '2022-11-19 01:17:30'),
	(928, 1, 'crear-formulario-crud', 'descarga.php', 'verificar', 1, 'EXITO', '2022-11-19 01:17:34'),
	(929, 1, 'crear-formulario-crud', 'descarga.php', 'generar', 1, 'EXITO', '2022-11-19 01:18:40'),
	(930, 1, 'categor%C3%ADa', '404.php', NULL, 2, 'Vinculo no valido !!!', '2022-11-19 01:18:57'),
	(931, 1, 'categor%C3%ADa', '404.php', NULL, 2, 'Vinculo no valido !!!', '2022-11-19 01:19:06'),
	(932, 1, 'crear-formulario-crud', 'descarga.php', 'verificar', 1, 'EXITO', '2022-11-19 01:19:45'),
	(933, 1, 'crear-formulario-crud', 'descarga.php', 'generar', 1, 'EXITO', '2022-11-19 01:19:50'),
	(934, 1, 'categoria', 'descarga.php', 'listar', 1, 'EXITO', '2022-11-19 01:20:04'),
	(935, 1, 'categoria', 'descarga.php', 'agregar', 1, 'EXITO', '2022-11-19 01:20:32'),
	(936, 1, 'productos', 'descarga.php', 'listar', 1, 'EXITO', '2022-11-19 01:20:39'),
	(937, 1, 'productos', 'descarga.php', 'asignar', 1, 'EXITO', '2022-11-19 01:20:54'),
	(938, 1, 'productos', 'descarga.php', 'asignar', 1, 'EXITO', '2022-11-19 01:21:00'),
	(939, 1, 'productos', 'descarga.php', 'listar', 1, 'EXITO', '2022-11-19 01:23:08'),
	(940, 1, 'roles', 'descarga.php', 'listar', 1, 'EXITO', '2022-11-19 01:23:20'),
	(941, 1, 'roles', 'descarga.php', 'asignar', 1, 'EXITO', '2022-11-19 01:23:25'),
	(942, 1, 'roles', 'descarga.php', 'modificar', 1, 'EXITO', '2022-11-19 01:23:40'),
	(943, 1, 'permisos-por-rol', 'descarga.php', 'cargar', 1, 'EXITO', '2022-11-19 01:24:00'),
	(944, 1, 'permisos-por-rol', 'descarga.php', 'guardar', 1, 'EXITO', '2022-11-19 01:24:21'),
	(945, 1, 'usuarios', 'descarga.php', 'listar', 1, 'EXITO', '2022-11-19 01:24:44'),
	(946, 1, 'usuarios', 'descarga.php', 'listarPersonas', 1, 'EXITO', '2022-11-19 01:24:54'),
	(947, 1, 'usuarios', 'descarga.php', 'agregar', 1, 'EXITO', '2022-11-19 01:25:01'),
	(948, 1, 'usuarios', 'descarga.php', 'listar', 1, 'EXITO', '2022-11-19 01:25:13'),
	(949, 1, 'cerrar-sesion', 'descarga.php', 'cerrarSesion', 1, 'EXITO', '2022-11-19 01:25:36'),
	(950, 2, 'productos', 'descarga.php', 'listar', 1, 'EXITO', '2022-11-19 01:26:23'),
	(951, 2, 'detalle-compra', 'descarga.php', 'aceptar', 1, 'EXITO', '2022-11-19 01:35:00'),
	(952, 2, 'detalle-compra', 'descarga.php', 'aceptar', 1, 'EXITO', '2022-11-19 01:35:08'),
	(953, 2, 'detalle-compra', 'descarga.php', 'aceptar', 1, 'EXITO', '2022-11-19 01:35:20'),
	(954, 2, 'detalle-compra', 'descarga.php', 'aceptar', 1, 'EXITO', '2022-11-19 01:36:14'),
	(955, 2, 'detalle-compra', 'descarga.php', 'aceptar', 1, 'EXITO', '2022-11-19 01:36:39'),
	(956, 2, 'detalle-compra', 'descarga.php', 'aceptar', 1, 'EXITO', '2022-11-19 01:36:46'),
	(957, 2, 'detalle-compra', 'descarga.php', 'aceptar', 1, 'EXITO', '2022-11-19 01:39:12'),
	(958, 2, 'detalle-compra', 'descarga.php', 'aceptar', 1, 'EXITO', '2022-11-19 01:41:13'),
	(959, 2, 'detalle-compra', 'descarga.php', 'aceptar', 1, 'EXITO', '2022-11-19 01:42:12'),
	(960, 2, 'productos', 'descarga.php', 'listar', 1, 'EXITO', '2022-11-19 01:48:58'),
	(961, 2, 'productos', 'descarga.php', 'asignar', 1, 'EXITO', '2022-11-19 01:49:05'),
	(962, 2, 'productos', 'descarga.php', 'eliminar', 1, 'EXITO', '2022-11-19 01:49:10'),
	(963, 2, 'productos', 'descarga.php', 'asignar', 1, 'EXITO', '2022-11-19 01:49:15'),
	(964, 2, 'productos', 'descarga.php', 'eliminar', 1, 'EXITO', '2022-11-19 01:49:20'),
	(965, 2, 'productos', 'descarga.php', 'listar', 1, 'EXITO', '2022-11-19 01:51:30'),
	(966, 2, 'productos', 'descarga.php', 'agregar', 1, 'EXITO', '2022-11-19 01:52:31'),
	(967, 2, 'productos', 'descarga.php', 'agregar', 1, 'EXITO', '2022-11-19 01:52:49'),
	(968, 2, 'cerrar-sesion', 'descarga.php', 'cerrarSesion', 1, 'EXITO', '2022-11-19 01:53:10'),
	(969, 1, 'crear-formulario-crud', 'descarga.php', 'cargarInfoFormulario', 1, 'EXITO', '2022-11-19 01:53:57'),
	(970, 1, 'crear-formulario-crud', 'descarga.php', 'verificar', 1, 'EXITO', '2022-11-19 01:53:57'),
	(971, 1, 'crear-formulario-crud', 'descarga.php', 'verificar', 1, 'EXITO', '2022-11-19 01:54:10'),
	(972, 1, 'crear-formulario-crud', 'descarga.php', 'generar', 1, 'EXITO', '2022-11-19 01:54:58'),
	(973, 1, 'productos', 'descarga.php', 'listar', 1, 'EXITO', '2022-11-19 01:55:13'),
	(974, 1, 'unidad-masa', 'descarga.php', 'listar', 1, 'EXITO', '2022-11-19 01:55:32'),
	(975, 1, 'unidad-masa', 'descarga.php', 'agregar', 1, 'EXITO', '2022-11-19 01:55:53'),
	(976, 1, 'unidad-masa', 'descarga.php', 'agregar', 1, 'EXITO', '2022-11-19 01:57:01'),
	(977, 1, 'unidad-masa', 'descarga.php', 'agregar', 1, 'EXITO', '2022-11-19 01:58:57'),
	(978, 1, 'productos', 'descarga.php', 'listar', 1, 'EXITO', '2022-11-19 01:59:03'),
	(979, 1, 'productos', 'descarga.php', 'agregar', 1, 'EXITO', '2022-11-19 02:04:22'),
	(980, 1, 'categoria', 'descarga.php', 'listar', 1, 'EXITO', '2022-11-19 02:04:56'),
	(981, 1, 'unidad-masa', 'descarga.php', 'listar', 1, 'EXITO', '2022-11-19 02:04:59'),
	(982, 1, 'categoria', 'descarga.php', 'listar', 1, 'EXITO', '2022-11-19 02:05:07'),
	(983, 1, 'categoria', 'descarga.php', 'agregar', 1, 'EXITO', '2022-11-19 02:05:29'),
	(984, 1, 'productos', 'descarga.php', 'listar', 1, 'EXITO', '2022-11-19 02:05:35'),
	(985, 1, 'productos', 'descarga.php', 'asignar', 1, 'EXITO', '2022-11-19 02:05:37'),
	(986, 1, 'productos', 'descarga.php', 'modificar', 1, 'EXITO', '2022-11-19 02:05:49'),
	(987, 1, 'detalle-compra', 'descarga.php', 'aceptar', 1, 'EXITO', '2022-11-19 02:06:30'),
	(988, 1, 'detalle-compra', 'descarga.php', 'aceptar', 1, 'EXITO', '2022-11-19 02:08:36'),
	(989, 1, 'detalle-compra', 'descarga.php', 'aceptar', 1, 'EXITO', '2022-11-19 02:08:51'),
	(990, 1, 'detalle-compra', 'descarga.php', 'aceptar', 1, 'EXITO', '2022-11-19 02:09:00');

-- Volcando estructura para tabla konecta.admin_menu
CREATE TABLE IF NOT EXISTS `admin_menu` (
  `id` int(11) NOT NULL AUTO_INCREMENT,
  `menu` varchar(100) NOT NULL,
  `padre` varchar(100) DEFAULT NULL,
  `nombre` varchar(50) NOT NULL,
  `ruta` varchar(100) DEFAULT NULL,
  `accion` varchar(60) DEFAULT 'ver',
  `orden` smallint(6) NOT NULL DEFAULT '0',
  `visible` char(1) NOT NULL DEFAULT 'S',
  `acceso` char(1) DEFAULT '1',
  `target` varchar(49) DEFAULT NULL,
  `descripcion` varchar(300) DEFAULT NULL,
  `icono` varchar(200) DEFAULT NULL,
  PRIMARY KEY (`id`),
  UNIQUE KEY `codigo` (`menu`),
  KEY `admin_menu_fk2_idx` (`acceso`),
  KEY `admin_menu_fk3_idx` (`padre`),
  CONSTRAINT `admin_menu_fk2` FOREIGN KEY (`acceso`) REFERENCES `admin_acceso` (`codigo`),
  CONSTRAINT `admin_menu_fk3` FOREIGN KEY (`padre`) REFERENCES `admin_menu` (`menu`) ON UPDATE CASCADE
) ENGINE=InnoDB AUTO_INCREMENT=548 DEFAULT CHARSET=utf8;

-- Volcando datos para la tabla konecta.admin_menu: ~28 rows (aproximadamente)
INSERT INTO `admin_menu` (`id`, `menu`, `padre`, `nombre`, `ruta`, `accion`, `orden`, `visible`, `acceso`, `target`, `descripcion`, `icono`) VALUES
	(1, 'inicio', NULL, 'Inicio', 'modulos/inicio', 'ver', -100, 'S', '3', NULL, '', 'ti-home menu-icon'),
	(2, 'iniciar-sesion', NULL, 'Iniciar sesión', 'modulos/sesion', 'ver', 200, 'S', '2', NULL, '', ''),
	(31, 'administracion', NULL, 'Administración', NULL, 'ver', 100, 'S', '7', NULL, NULL, 'ti-lock menu-icon'),
	(32, 'roles', 'administracion', 'Roles', 'modulos/admin/roles', 'ver', 1, 'S', '7', NULL, '', ''),
	(33, 'permisos-por-rol', 'administracion', 'Permisos por rol', 'modulos/admin/permisos_rol', 'ver', 1, 'S', '7', NULL, '', NULL),
	(35, 'slider', 'administracion', 'Slider (imagenes)', 'modulos/admin/slider', 'ver', 1, 'S', '8', NULL, '', NULL),
	(36, 'cambiar-clave', NULL, 'Cambiar clave', 'modulos/admin/cambiar_clave', 'ver', 999, 'S', '4', NULL, '', NULL),
	(45, 'cerrar-sesion', NULL, 'Cerrar sesión', 'modulos/sesion', 'cerrarSesion', 1000, 'N', '3', NULL, '', NULL),
	(300, 'asistente', NULL, 'Asistente', NULL, 'ver', 99, 'S', '7', NULL, NULL, 'ti-pencil-alt menu-icon'),
	(301, 'crear-formulario-crud', 'asistente', 'Crear formulario (CRUD)', 'modulos/asistente/formulario_crud', 'ver', 1, 'S', '7', NULL, '', NULL),
	(302, 'crear-formulario-libre', 'asistente', 'Crear formulario libre', 'modulos/asistente/formulario_libre', 'ver', 2, 'S', '7', NULL, '', NULL),
	(306, 'crear-reporte', 'asistente', 'Crear reporte', 'modulos/asistente/reporte', 'ver', 3, 'S', '7', NULL, '', NULL),
	(330, 'usuarios', 'administracion', 'Usuarios', 'modulos/admin/usuarios', 'ver', 1, 'S', '7', NULL, '', ''),
	(331, 'gestion-de-acciones', 'asistente', 'Gestión de acciones', 'modulos/asistente/gestion_acciones', 'ver', 5, 'S', '7', NULL, '', NULL),
	(344, 'gestion-menu', 'asistente', 'Gestión de Menú', 'modulos/asistente/gestion_menu', 'ver', 1, 'S', '7', NULL, '', NULL),
	(391, 'perfil', NULL, 'Perfil', 'modulos/perfil_usuario', 'ver', 2, 'N', '3', NULL, '', NULL),
	(437, 'buscar', NULL, 'Buscar', 'modulos/buscar', 'ver', 2, 'N', '3', NULL, '', NULL),
	(439, 'si-no', 'administracion', 'Si no', 'modulos/administracion/si_no', 'ver', 1, 'S', '7', NULL, NULL, NULL),
	(448, 'usabilidad-sistema', 'administracion', 'Usabilidad Del Sistema', 'modulos/administracion/usabilidad_sistema', 'ver', 1, 'S', '7', NULL, NULL, NULL),
	(449, 'editor-codigos', 'asistente', 'Editor De Códigos', 'modulos/asistente/editor_codigos', 'ver', 1, 'S', '7', NULL, NULL, NULL),
	(463, 'datos-basicos', NULL, 'Datos Básicos ', NULL, 'ver', 5, 'S', '7', NULL, 'Gestión de datos básicos del sistema - Select.', 'ti-list'),
	(506, 'reportes-pdf', NULL, 'Reportes PDF', 'modulos/reportes_pdf/imprimir_turno', 'ver', 1, 'N', '1', NULL, 'Permite descargar los turnos', NULL),
	(514, 'admin-tipo_bitacora', 'administracion', 'Tipo Bitacora', 'modulos/datos_basicos/admin_tipo_bitacora', 'ver', 1, 'S', '7', NULL, 'Permite gestionar los tipos de bitacora', NULL),
	(543, 'productos', 'datos-basicos', 'Productos', 'modulos/registrar/productos', 'ver', 1, 'S', '7', NULL, 'Permite gestionar un producto nuevo', NULL),
	(544, 'detalle-compra', NULL, 'Detalle de la compra', 'modulos/inicio/detalle_compra', 'ver', 1, 'N', '7', NULL, 'Permite...', NULL),
	(546, 'categoria', 'datos-basicos', 'Categoría', 'modulos/datos-basicos/categoria', 'ver', 1, 'S', '7', NULL, 'Permite gestionar las categorías de un producto', NULL),
	(547, 'unidad-masa', 'datos-basicos', 'Unidad masa', 'modulos/datos-basicos/unidad_masa', 'ver', 1, 'S', '7', NULL, 'Permite gestionar la unida de masa de un peso', NULL);

-- Volcando estructura para tabla konecta.admin_permiso_accion
CREATE TABLE IF NOT EXISTS `admin_permiso_accion` (
  `id` int(11) NOT NULL AUTO_INCREMENT,
  `rol` int(11) NOT NULL,
  `accion` int(11) NOT NULL,
  PRIMARY KEY (`id`),
  KEY `admin_permiso_accion_fk1_idx` (`rol`),
  KEY `admin_permiso_accion_fk2_idx` (`accion`),
  CONSTRAINT `admin_permiso_accion_fk1` FOREIGN KEY (`rol`) REFERENCES `admin_rol` (`id`) ON DELETE CASCADE ON UPDATE CASCADE,
  CONSTRAINT `admin_permiso_accion_fk2` FOREIGN KEY (`accion`) REFERENCES `admin_accion` (`id`) ON DELETE CASCADE ON UPDATE CASCADE
) ENGINE=InnoDB AUTO_INCREMENT=44220 DEFAULT CHARSET=utf8;

-- Volcando datos para la tabla konecta.admin_permiso_accion: ~61 rows (aproximadamente)
INSERT INTO `admin_permiso_accion` (`id`, `rol`, `accion`) VALUES
	(44076, 4, 1910),
	(44077, 4, 1912),
	(44078, 4, 1911),
	(44079, 4, 1915),
	(44080, 4, 1640),
	(44081, 4, 1642),
	(44082, 4, 1864),
	(44083, 4, 1863),
	(44084, 4, 1867),
	(44085, 4, 1133),
	(44086, 4, 1135),
	(44087, 4, 1137),
	(44088, 4, 1139),
	(44089, 4, 1140),
	(44090, 4, 1855),
	(44091, 4, 1857),
	(44092, 4, 1856),
	(44093, 4, 1860),
	(44094, 4, 4185),
	(44095, 4, 4186),
	(44096, 4, 4189),
	(44117, 1, 4632),
	(44118, 1, 4633),
	(44119, 1, 4634),
	(44120, 1, 4635),
	(44121, 1, 4636),
	(44122, 1, 4637),
	(44131, 4, 4632),
	(44132, 4, 4633),
	(44133, 4, 4634),
	(44134, 4, 4635),
	(44135, 4, 4636),
	(44136, 4, 4637),
	(44138, 1, 4638),
	(44139, 1, 4639),
	(44144, 4, 4638),
	(44145, 4, 4639),
	(44168, 1, 4646),
	(44169, 1, 4647),
	(44170, 1, 4648),
	(44171, 1, 4649),
	(44172, 1, 4650),
	(44173, 1, 4651),
	(44182, 4, 4646),
	(44183, 4, 4647),
	(44184, 4, 4648),
	(44185, 4, 4649),
	(44186, 4, 4650),
	(44187, 4, 4651),
	(44189, 5, 4639),
	(44190, 5, 4638),
	(44191, 5, 4632),
	(44192, 5, 4634),
	(44193, 5, 4633),
	(44194, 5, 4637),
	(44195, 5, 4646),
	(44196, 5, 4648),
	(44197, 5, 4647),
	(44198, 5, 4651),
	(44199, 1, 4652),
	(44200, 1, 4653),
	(44201, 1, 4654),
	(44202, 1, 4655),
	(44203, 1, 4656),
	(44204, 1, 4657),
	(44206, 5, 4652),
	(44207, 5, 4653),
	(44208, 5, 4654),
	(44209, 5, 4655),
	(44210, 5, 4656),
	(44211, 5, 4657),
	(44213, 4, 4652),
	(44214, 4, 4653),
	(44215, 4, 4654),
	(44216, 4, 4655),
	(44217, 4, 4656),
	(44218, 4, 4657);

-- Volcando estructura para tabla konecta.admin_permiso_menu
CREATE TABLE IF NOT EXISTS `admin_permiso_menu` (
  `id` int(11) NOT NULL AUTO_INCREMENT,
  `rol` int(11) NOT NULL,
  `menu` varchar(100) NOT NULL,
  PRIMARY KEY (`id`),
  UNIQUE KEY `index2` (`rol`,`menu`),
  KEY `admin_menu_rol_fk2_idx` (`menu`),
  CONSTRAINT `admin_menu_rol_fk1` FOREIGN KEY (`menu`) REFERENCES `admin_menu` (`menu`) ON DELETE CASCADE ON UPDATE CASCADE,
  CONSTRAINT `admin_permiso_menu_fk2` FOREIGN KEY (`rol`) REFERENCES `admin_rol` (`id`) ON DELETE CASCADE ON UPDATE CASCADE
) ENGINE=InnoDB AUTO_INCREMENT=12225 DEFAULT CHARSET=utf8;

-- Volcando datos para la tabla konecta.admin_permiso_menu: ~26 rows (aproximadamente)
INSERT INTO `admin_permiso_menu` (`id`, `rol`, `menu`) VALUES
	(12215, 1, 'categoria'),
	(12209, 1, 'detalle-compra'),
	(12206, 1, 'productos'),
	(12222, 1, 'unidad-masa'),
	(12201, 4, 'admin-tipo_bitacora'),
	(12195, 4, 'administracion'),
	(12188, 4, 'asistente'),
	(12217, 4, 'categoria'),
	(12189, 4, 'crear-formulario-crud'),
	(12192, 4, 'crear-formulario-libre'),
	(12193, 4, 'crear-reporte'),
	(12186, 4, 'datos-basicos'),
	(12211, 4, 'detalle-compra'),
	(12191, 4, 'editor-codigos'),
	(12194, 4, 'gestion-de-acciones'),
	(12190, 4, 'gestion-menu'),
	(12197, 4, 'permisos-por-rol'),
	(12208, 4, 'productos'),
	(12196, 4, 'roles'),
	(12199, 4, 'si-no'),
	(12224, 4, 'unidad-masa'),
	(12200, 4, 'usabilidad-sistema'),
	(12198, 4, 'usuarios'),
	(12221, 5, 'categoria'),
	(12219, 5, 'datos-basicos'),
	(12218, 5, 'detalle-compra'),
	(12220, 5, 'productos'),
	(12223, 5, 'unidad-masa');

-- Volcando estructura para tabla konecta.admin_psesion
CREATE TABLE IF NOT EXISTS `admin_psesion` (
  `id` int(10) unsigned NOT NULL AUTO_INCREMENT,
  `session_id` varchar(45) NOT NULL,
  `old_session_id` varchar(45) DEFAULT NULL,
  `user_agent` varchar(500) NOT NULL,
  `refer` varchar(500) NOT NULL,
  `ip` varchar(45) NOT NULL,
  `inico` datetime NOT NULL,
  `fin` datetime NOT NULL,
  PRIMARY KEY (`id`),
  KEY `index2` (`session_id`)
) ENGINE=InnoDB AUTO_INCREMENT=42 DEFAULT CHARSET=utf8;

-- Volcando datos para la tabla konecta.admin_psesion: ~41 rows (aproximadamente)
INSERT INTO `admin_psesion` (`id`, `session_id`, `old_session_id`, `user_agent`, `refer`, `ip`, `inico`, `fin`) VALUES
	(1, '6kr38f1qritko3u4hdr0kvkaom', '6kr38f1qritko3u4hdr0kvkaom', 'Mozilla/5.0 (Windows NT 10.0; Win64; x64) AppleWebKit/537.36 (KHTML, like Gecko) Chrome/83.0.4103.97 Safari/537.36', 'http://localhost/LIA/inicio', '::1', '2020-06-11 08:21:56', '2020-06-11 15:05:13'),
	(2, '6kr38f1qritko3u4hdr0kvkaom', '6kr38f1qritko3u4hdr0kvkaom', 'Mozilla/5.0 (Windows NT 10.0; Win64; x64) AppleWebKit/537.36 (KHTML, like Gecko) Chrome/83.0.4103.97 Safari/537.36', 'http://localhost/LIA/editor-codigos', '::1', '2020-06-13 18:02:46', '2020-06-13 22:42:54'),
	(3, '6kr38f1qritko3u4hdr0kvkaom', '6kr38f1qritko3u4hdr0kvkaom', 'Mozilla/5.0 (Windows NT 10.0; Win64; x64) AppleWebKit/537.36 (KHTML, like Gecko) Chrome/83.0.4103.97 Safari/537.36', 'http://localhost/LIA/crear-formulario-crud', '::1', '2020-06-14 09:06:02', '2020-06-14 09:07:19'),
	(4, '3kd7veclnq3lufkq30cgfgi3du', '3kd7veclnq3lufkq30cgfgi3du', 'Mozilla/5.0 (Windows NT 10.0; Win64; x64) AppleWebKit/537.36 (KHTML, like Gecko) Chrome/83.0.4103.97 Safari/537.36', 'http://localhost/LIA/gestion-menu', '::1', '2020-06-16 14:56:41', '2020-06-16 22:07:47'),
	(5, '3kd7veclnq3lufkq30cgfgi3du', '3kd7veclnq3lufkq30cgfgi3du', 'Mozilla/5.0 (Windows NT 10.0; Win64; x64) AppleWebKit/537.36 (KHTML, like Gecko) Chrome/83.0.4103.97 Safari/537.36', 'http://localhost/LIA/usabilidad-sistema', '::1', '2020-06-17 09:34:42', '2020-06-17 12:10:51'),
	(6, 'vsk7ldah5ho4re5hk014t8bplr', 'vsk7ldah5ho4re5hk014t8bplr', 'Mozilla/5.0 (Windows NT 10.0; Win64; x64) AppleWebKit/537.36 (KHTML, like Gecko) Chrome/84.0.4147.125 Safari/537.36', 'http://localhost/LIA2/inicio', '::1', '2020-08-26 12:39:05', '2020-08-26 12:43:11'),
	(7, 'lgeu41gih444k52mfa4nmjcisq', 'lgeu41gih444k52mfa4nmjcisq', 'Mozilla/5.0 (Windows NT 10.0; Win64; x64) AppleWebKit/537.36 (KHTML, like Gecko) Chrome/85.0.4183.102 Safari/537.36', 'http://localhost/salas/perfil', '::1', '2020-09-16 09:21:32', '2020-09-16 19:22:57'),
	(8, 'hjvosdcog71ri01eijf47hodf7', 'hjvosdcog71ri01eijf47hodf7', 'Mozilla/5.0 (Windows NT 10.0; Win64; x64) AppleWebKit/537.36 (KHTML, like Gecko) Chrome/85.0.4183.102 Safari/537.36', 'http://test.anla.gov.co:88/salas/listado-salas', '172.16.19.191', '2020-09-22 11:06:55', '2020-09-22 13:03:48'),
	(9, 'hjvosdcog71ri01eijf47hodf7', 'hjvosdcog71ri01eijf47hodf7', 'Mozilla/5.0 (Windows NT 10.0; Win64; x64) AppleWebKit/537.36 (KHTML, like Gecko) Chrome/85.0.4183.102 Safari/537.36', 'http://test.anla.gov.co:88/salas/inicio', '172.16.19.191', '2020-09-23 10:14:56', '2020-09-23 10:14:56'),
	(10, 'hjvosdcog71ri01eijf47hodf7', 'hjvosdcog71ri01eijf47hodf7', 'Mozilla/5.0 (Windows NT 10.0; Win64; x64) AppleWebKit/537.36 (KHTML, like Gecko) Chrome/85.0.4183.102 Safari/537.36', 'http://test.anla.gov.co:88/salas/', '172.16.19.191', '2020-09-24 09:31:08', '2020-09-24 12:54:50'),
	(11, 'hjvosdcog71ri01eijf47hodf7', 'hjvosdcog71ri01eijf47hodf7', 'Mozilla/5.0 (Windows NT 10.0; Win64; x64) AppleWebKit/537.36 (KHTML, like Gecko) Chrome/85.0.4183.102 Safari/537.36', 'http://test.anla.gov.co:88/salas/elementos', '172.16.19.191', '2020-09-25 10:00:54', '2020-09-25 10:00:57'),
	(12, 'spid1cs60sjiqr51j82us5guht', 'spid1cs60sjiqr51j82us5guht', 'Mozilla/5.0 (Windows NT 10.0; Win64; x64) AppleWebKit/537.36 (KHTML, like Gecko) Chrome/85.0.4183.102 Safari/537.36', 'http://localhost/salas/', '::1', '2020-09-26 19:50:05', '2020-09-26 23:32:44'),
	(13, 'spid1cs60sjiqr51j82us5guht', 'spid1cs60sjiqr51j82us5guht', 'Mozilla/5.0 (Windows NT 10.0; Win64; x64) AppleWebKit/537.36 (KHTML, like Gecko) Chrome/85.0.4183.102 Safari/537.36', 'http://localhost/salas/listado-solicitudes?q=38427969432', '::1', '2020-09-27 09:21:51', '2020-09-27 09:40:36'),
	(14, 'spid1cs60sjiqr51j82us5guht', 'spid1cs60sjiqr51j82us5guht', 'Mozilla/5.0 (Windows NT 10.0; Win64; x64) AppleWebKit/537.36 (KHTML, like Gecko) Chrome/85.0.4183.102 Safari/537.36', 'http://localhost/salas/', '::1', '2020-09-28 12:08:41', '2020-09-28 12:55:10'),
	(15, 'vg8su3rdgn1egivt70c51noqvt', 'vg8su3rdgn1egivt70c51noqvt', 'Mozilla/5.0 (Windows NT 10.0; Win64; x64) AppleWebKit/537.36 (KHTML, like Gecko) Chrome/91.0.4472.124 Safari/537.36', 'http://localhost/lia/cerrar-sesion', '::1', '2021-08-13 14:53:19', '2021-08-13 14:54:13'),
	(16, 'hekv1vgigf6bri7e0sqgrfgdcu', 'hekv1vgigf6bri7e0sqgrfgdcu', 'Mozilla/5.0 (Windows NT 10.0; Win64; x64) AppleWebKit/537.36 (KHTML, like Gecko) Chrome/89.0.4389.90 Safari/537.36', 'http://localhost/turnos/solicitar-turno', '::1', '2021-03-30 07:51:42', '2021-03-30 09:49:17'),
	(17, 'o7img81895im14ats4q1qmukht', 'o7img81895im14ats4q1qmukht', 'Mozilla/5.0 (Windows NT 10.0; Win64; x64) AppleWebKit/537.36 (KHTML, like Gecko) Chrome/89.0.4389.114 Safari/537.36', 'http://localhost/turnos/', '::1', '2021-04-07 18:44:25', '2021-04-07 20:46:03'),
	(18, 'o7img81895im14ats4q1qmukht', 'o7img81895im14ats4q1qmukht', 'Mozilla/5.0 (Windows NT 10.0; Win64; x64) AppleWebKit/537.36 (KHTML, like Gecko) Chrome/89.0.4389.114 Safari/537.36', 'http://localhost/turnos/imprimir-turnos', '::1', '2021-04-08 07:44:06', '2021-04-08 10:52:32'),
	(19, 'o7img81895im14ats4q1qmukht', 'o7img81895im14ats4q1qmukht', 'Mozilla/5.0 (Windows NT 10.0; Win64; x64) AppleWebKit/537.36 (KHTML, like Gecko) Chrome/89.0.4389.114 Safari/537.36', 'http://localhost/turnos/', '::1', '2021-04-10 19:00:38', '2021-04-10 19:00:38'),
	(20, 'mf79jetb8upr3qigvqbnda3rcr', 'mf79jetb8upr3qigvqbnda3rcr', 'Mozilla/5.0 (Windows NT 10.0; Win64; x64) AppleWebKit/537.36 (KHTML, like Gecko) Chrome/89.0.4389.114 Safari/537.36', 'http://localhost/turnos/crear-turno', '::1', '2021-04-12 10:28:34', '2021-04-12 16:14:36'),
	(21, '561268290600346843540a61697c5bda', '561268290600346843540a61697c5bda', 'Mozilla/5.0 (Windows NT 10.0; Win64; x64) AppleWebKit/537.36 (KHTML, like Gecko) Chrome/90.0.4430.93 Safari/537.36', 'https://idpyba.com/turnos/iniciar-sesion', '186.84.89.196', '2021-05-06 07:14:54', '2021-05-06 09:36:42'),
	(22, 'g9kejvtti3uqn55nkpjoj8g1mv', 'g9kejvtti3uqn55nkpjoj8g1mv', 'Mozilla/5.0 (Windows NT 10.0; Win64; x64) AppleWebKit/537.36 (KHTML, like Gecko) Chrome/90.0.4430.93 Safari/537.36', 'http://localhost/turnos/', '::1', '2021-05-10 06:34:47', '2021-05-10 06:40:10'),
	(23, 'g9kejvtti3uqn55nkpjoj8g1mv', 'g9kejvtti3uqn55nkpjoj8g1mv', 'Mozilla/5.0 (Windows NT 10.0; Win64; x64) AppleWebKit/537.36 (KHTML, like Gecko) Chrome/90.0.4430.93 Safari/537.36', 'http://localhost/turnos/crear-turno', '::1', '2021-05-12 07:53:52', '2021-05-12 08:46:36'),
	(24, '8osik46uqg5vs1f070b3accruq', '8osik46uqg5vs1f070b3accruq', 'Mozilla/5.0 (Windows NT 10.0; Win64; x64) AppleWebKit/537.36 (KHTML, like Gecko) Chrome/90.0.4430.93 Safari/537.36', 'http://localhost/turnos/', '::1', '2021-05-13 11:26:19', '2021-05-13 11:27:25'),
	(25, 'g9kejvtti3uqn55nkpjoj8g1mv', 'g9kejvtti3uqn55nkpjoj8g1mv', 'Mozilla/5.0 (Windows NT 10.0; Win64; x64) AppleWebKit/537.36 (KHTML, like Gecko) Chrome/90.0.4430.93 Safari/537.36', 'http://localhost/turnos/', '::1', '2021-05-14 09:32:43', '2021-05-14 16:27:26'),
	(26, 'm52nv973i0lpfvtn9mqcirti94', 'm52nv973i0lpfvtn9mqcirti94', 'Mozilla/5.0 (Windows NT 10.0; Win64; x64) AppleWebKit/537.36 (KHTML, like Gecko) Chrome/90.0.4430.93 Safari/537.36', 'http://localhost/turnos/gestion-de-acciones', '::1', '2021-05-15 07:54:49', '2021-05-15 08:47:35'),
	(27, 'g9kejvtti3uqn55nkpjoj8g1mv', 'g9kejvtti3uqn55nkpjoj8g1mv', 'Mozilla/5.0 (Windows NT 10.0; Win64; x64) AppleWebKit/537.36 (KHTML, like Gecko) Chrome/90.0.4430.212 Safari/537.36', 'http://localhost/turnos/', '::1', '2021-05-20 09:28:58', '2021-05-20 09:29:06'),
	(28, 'g9kejvtti3uqn55nkpjoj8g1mv', 'g9kejvtti3uqn55nkpjoj8g1mv', 'Mozilla/5.0 (Windows NT 10.0; Win64; x64) AppleWebKit/537.36 (KHTML, like Gecko) Chrome/90.0.4430.212 Safari/537.36', 'http://localhost/pqrs/', '::1', '2021-05-24 12:56:46', '2021-05-24 12:56:59'),
	(29, '5p0ape0vf6h2o0p6mjipnm68nv', '5p0ape0vf6h2o0p6mjipnm68nv', 'Mozilla/5.0 (Windows NT 10.0; Win64; x64) AppleWebKit/537.36 (KHTML, like Gecko) Chrome/90.0.4430.212 Safari/537.36', 'http://localhost/PQRS/sw.js', '::1', '2021-05-26 11:51:24', '2021-05-26 12:07:06'),
	(30, '5p0ape0vf6h2o0p6mjipnm68nv', '5p0ape0vf6h2o0p6mjipnm68nv', 'Mozilla/5.0 (Windows NT 10.0; Win64; x64) AppleWebKit/537.36 (KHTML, like Gecko) Chrome/90.0.4430.212 Safari/537.36', 'http://localhost/PQRS/', '::1', '2021-05-28 16:28:51', '2021-05-28 16:28:51'),
	(31, '5p0ape0vf6h2o0p6mjipnm68nv', '5p0ape0vf6h2o0p6mjipnm68nv', 'Mozilla/5.0 (Windows NT 10.0; Win64; x64) AppleWebKit/537.36 (KHTML, like Gecko) Chrome/90.0.4430.212 Safari/537.36', 'http://localhost/PQRS/', '::1', '2021-05-28 16:30:04', '2021-05-28 16:30:04'),
	(32, '5p0ape0vf6h2o0p6mjipnm68nv', '5p0ape0vf6h2o0p6mjipnm68nv', 'Mozilla/5.0 (Windows NT 10.0; Win64; x64) AppleWebKit/537.36 (KHTML, like Gecko) Chrome/90.0.4430.212 Safari/537.36', 'http://localhost/PQRS/', '::1', '2021-05-28 16:30:13', '2021-05-28 16:30:13'),
	(33, '5p0ape0vf6h2o0p6mjipnm68nv', '5p0ape0vf6h2o0p6mjipnm68nv', 'Mozilla/5.0 (Windows NT 10.0; Win64; x64) AppleWebKit/537.36 (KHTML, like Gecko) Chrome/90.0.4430.212 Safari/537.36', 'http://localhost/PQRS/', '::1', '2021-05-28 16:30:22', '2021-05-28 16:57:52'),
	(34, '5p0ape0vf6h2o0p6mjipnm68nv', '5p0ape0vf6h2o0p6mjipnm68nv', 'Mozilla/5.0 (Windows NT 10.0; Win64; x64) AppleWebKit/537.36 (KHTML, like Gecko) Chrome/91.0.4472.77 Safari/537.36', 'http://localhost/PQRS/', '::1', '2021-05-31 14:25:30', '2021-05-31 17:32:09'),
	(35, '5p0ape0vf6h2o0p6mjipnm68nv', '5p0ape0vf6h2o0p6mjipnm68nv', 'Mozilla/5.0 (Windows NT 10.0; Win64; x64) AppleWebKit/537.36 (KHTML, like Gecko) Chrome/91.0.4472.77 Safari/537.36', 'http://localhost/PQRS/', '::1', '2021-06-01 11:36:43', '2021-06-01 12:53:41'),
	(36, 'kf1a4acfkbi7jpkqsub8oql3ph', 'kf1a4acfkbi7jpkqsub8oql3ph', 'Mozilla/5.0 (Windows NT 10.0; Win64; x64) AppleWebKit/537.36 (KHTML, like Gecko) Chrome/91.0.4472.77 Safari/537.36', 'http://localhost/pqrs/', '::1', '2021-06-05 13:00:06', '2021-06-05 15:26:02'),
	(37, 'kf1a4acfkbi7jpkqsub8oql3ph', 'kf1a4acfkbi7jpkqsub8oql3ph', 'Mozilla/5.0 (Windows NT 10.0; Win64; x64) AppleWebKit/537.36 (KHTML, like Gecko) Chrome/91.0.4472.77 Safari/537.36', 'http://localhost/pqrs/', '::1', '2021-06-11 11:05:49', '2021-06-11 17:42:41'),
	(38, 'h88tdr907ui3o06ovk6ig67tgm', 'h88tdr907ui3o06ovk6ig67tgm', 'Mozilla/5.0 (Windows NT 10.0; Win64; x64) AppleWebKit/537.36 (KHTML, like Gecko) Chrome/91.0.4472.124 Safari/537.36', 'http://localhost/tablero_mantis/', '::1', '2021-07-16 11:54:19', '2021-07-16 11:57:08'),
	(39, 'fodfu0nsahfpev4qjq14fjhk5k', 'fodfu0nsahfpev4qjq14fjhk5k', 'Mozilla/5.0 (Windows NT 10.0; Win64; x64) AppleWebKit/537.36 (KHTML, like Gecko) Chrome/91.0.4472.124 Safari/537.36', 'http://localhost/tablero_mantis/reporte-actividades', '::1', '2021-07-19 08:08:39', '2021-07-19 12:58:15'),
	(40, 'fodfu0nsahfpev4qjq14fjhk5k', 'fodfu0nsahfpev4qjq14fjhk5k', 'Mozilla/5.0 (Windows NT 10.0; Win64; x64) AppleWebKit/537.36 (KHTML, like Gecko) Chrome/91.0.4472.124 Safari/537.36', 'http://localhost/tablero_mantis/', '::1', '2021-07-30 19:23:40', '2021-07-30 19:28:19'),
	(41, 'gr157sl9p6ce3td2s56o7co1e7', 'gr157sl9p6ce3td2s56o7co1e7', 'Mozilla/5.0 (Windows NT 10.0; Win64; x64) AppleWebKit/537.36 (KHTML, like Gecko) Chrome/107.0.0.0 Safari/537.36', 'http://localhost/README/', '::1', '2022-11-18 12:07:59', '2022-11-18 12:08:04');

-- Volcando estructura para tabla konecta.admin_rol
CREATE TABLE IF NOT EXISTS `admin_rol` (
  `id` int(11) NOT NULL AUTO_INCREMENT,
  `nombre` varchar(60) NOT NULL,
  `_usuario` varchar(45) DEFAULT NULL,
  `_fecha` datetime DEFAULT NULL,
  PRIMARY KEY (`id`)
) ENGINE=InnoDB AUTO_INCREMENT=6 DEFAULT CHARSET=utf8;

-- Volcando datos para la tabla konecta.admin_rol: ~3 rows (aproximadamente)
INSERT INTO `admin_rol` (`id`, `nombre`, `_usuario`, `_fecha`) VALUES
	(1, 'ADMINISTRADOR', '99999', '2014-06-01 13:54:29'),
	(4, 'SUPER ADMIN', '1077461284', '2020-06-11 11:17:02'),
	(5, 'PRUEBA', '1234567890', '2022-11-18 20:23:40');

-- Volcando estructura para tabla konecta.admin_sesion
CREATE TABLE IF NOT EXISTS `admin_sesion` (
  `id` int(11) NOT NULL AUTO_INCREMENT,
  `usuario` varchar(15) NOT NULL,
  `session_id` varchar(45) NOT NULL,
  `refer` varchar(500) NOT NULL,
  `user_agent` varchar(500) NOT NULL,
  `ip` varchar(45) NOT NULL,
  `inicio` datetime NOT NULL,
  `fin` datetime NOT NULL,
  `salida` char(1) NOT NULL,
  `jaz` int(11) NOT NULL DEFAULT '1',
  PRIMARY KEY (`id`),
  KEY `index2` (`usuario`)
) ENGINE=InnoDB AUTO_INCREMENT=201 DEFAULT CHARSET=utf8;

-- Volcando datos para la tabla konecta.admin_sesion: ~197 rows (aproximadamente)
INSERT INTO `admin_sesion` (`id`, `usuario`, `session_id`, `refer`, `user_agent`, `ip`, `inicio`, `fin`, `salida`, `jaz`) VALUES
	(1, '1077461284', 'hekv1vgigf6bri7e0sqgrfgdcu', 'http://localhost/turnos/', 'Mozilla/5.0 (Windows NT 10.0; Win64; x64) AppleWebKit/537.36 (KHTML, like Gecko) Chrome/89.0.4389.90 Safari/537.36', '::1', '2021-03-28 17:34:18', '2021-03-28 17:34:18', 'N', 5),
	(2, '1077461284', 'hekv1vgigf6bri7e0sqgrfgdcu', 'http://localhost/turnos/gestion-de-acciones', 'Mozilla/5.0 (Windows NT 10.0; Win64; x64) AppleWebKit/537.36 (KHTML, like Gecko) Chrome/89.0.4389.90 Safari/537.36', '::1', '2021-03-29 12:17:00', '2021-03-29 12:17:00', 'N', 1),
	(3, '1077461284', 'hekv1vgigf6bri7e0sqgrfgdcu', 'http://localhost/turnos/solicitar-turno', 'Mozilla/5.0 (Windows NT 10.0; Win64; x64) AppleWebKit/537.36 (KHTML, like Gecko) Chrome/89.0.4389.90 Safari/537.36', '::1', '2021-03-30 07:51:42', '2021-03-30 07:51:42', 'N', 2),
	(4, '1077461284', '3q8d4i4q4i8jj006vjof87rqdc', 'http://localhost/turnos/', 'Mozilla/5.0 (Windows NT 10.0; Win64; x64) AppleWebKit/537.36 (KHTML, like Gecko) Chrome/89.0.4389.90 Safari/537.36', '::1', '2021-03-30 15:13:48', '2021-03-30 15:13:48', 'N', 5),
	(5, '1077461284', 'o7img81895im14ats4q1qmukht', 'http://localhost/turnos/iniciar-sesion', 'Mozilla/5.0 (Windows NT 10.0; Win64; x64) AppleWebKit/537.36 (KHTML, like Gecko) Chrome/89.0.4389.114 Safari/537.36', '::1', '2021-04-04 12:33:48', '2021-04-04 12:33:48', 'N', 4),
	(6, '1077461284', 'o7img81895im14ats4q1qmukht', 'http://localhost/turnos/', 'Mozilla/5.0 (Windows NT 10.0; Win64; x64) AppleWebKit/537.36 (KHTML, like Gecko) Chrome/89.0.4389.114 Safari/537.36', '::1', '2021-04-06 08:24:24', '2021-04-06 08:24:24', 'N', 1),
	(7, '1077461284', 'o7img81895im14ats4q1qmukht', 'http://localhost/turnos/', 'Mozilla/5.0 (Windows NT 10.0; Win64; x64) AppleWebKit/537.36 (KHTML, like Gecko) Chrome/89.0.4389.114 Safari/537.36', '::1', '2021-04-06 08:29:50', '2021-04-06 08:29:50', 'N', 4),
	(8, '1077461284', 'o7img81895im14ats4q1qmukht', 'http://localhost/turnos/', 'Mozilla/5.0 (Windows NT 10.0; Win64; x64) AppleWebKit/537.36 (KHTML, like Gecko) Chrome/89.0.4389.114 Safari/537.36', '::1', '2021-04-06 09:02:04', '2021-04-06 09:02:04', 'N', 2),
	(9, '1077461284', 'o7img81895im14ats4q1qmukht', 'http://localhost/turnos/', 'Mozilla/5.0 (Windows NT 10.0; Win64; x64) AppleWebKit/537.36 (KHTML, like Gecko) Chrome/89.0.4389.114 Safari/537.36', '::1', '2021-04-06 09:35:25', '2021-04-06 09:35:25', 'N', 5),
	(10, '1077461284', 'o7img81895im14ats4q1qmukht', 'http://localhost/turnos/iniciar-sesion', 'Mozilla/5.0 (Windows NT 10.0; Win64; x64) AppleWebKit/537.36 (KHTML, like Gecko) Chrome/89.0.4389.114 Safari/537.36', '::1', '2021-04-06 21:03:59', '2021-04-06 21:03:59', 'N', 5),
	(11, '1077461284', 'o7img81895im14ats4q1qmukht', 'http://localhost/turnos/', 'Mozilla/5.0 (Windows NT 10.0; Win64; x64) AppleWebKit/537.36 (KHTML, like Gecko) Chrome/89.0.4389.114 Safari/537.36', '::1', '2021-04-07 18:44:25', '2021-04-07 18:44:25', 'N', 1),
	(12, '1077461284', 'o7img81895im14ats4q1qmukht', 'http://localhost/turnos/imprimir-turnos', 'Mozilla/5.0 (Windows NT 10.0; Win64; x64) AppleWebKit/537.36 (KHTML, like Gecko) Chrome/89.0.4389.114 Safari/537.36', '::1', '2021-04-08 07:44:06', '2021-04-08 07:44:06', 'N', 4),
	(13, '1077461284', 'o7img81895im14ats4q1qmukht', 'http://localhost/turnos/', 'Mozilla/5.0 (Windows NT 10.0; Win64; x64) AppleWebKit/537.36 (KHTML, like Gecko) Chrome/89.0.4389.114 Safari/537.36', '::1', '2021-04-10 19:00:38', '2021-04-10 19:00:38', 'N', 1),
	(14, '1077461284', 'mf79jetb8upr3qigvqbnda3rcr', 'http://localhost/turnos/', 'Mozilla/5.0 (Windows NT 10.0; Win64; x64) AppleWebKit/537.36 (KHTML, like Gecko) Chrome/89.0.4389.114 Safari/537.36', '::1', '2021-04-11 09:34:46', '2021-04-11 09:34:46', 'N', 1),
	(15, '1077461284', 'mf79jetb8upr3qigvqbnda3rcr', 'http://localhost/turnos/', 'Mozilla/5.0 (Windows NT 10.0; Win64; x64) AppleWebKit/537.36 (KHTML, like Gecko) Chrome/89.0.4389.114 Safari/537.36', '::1', '2021-04-11 16:26:11', '2021-04-11 16:26:11', 'N', 4),
	(16, '1077461284', 'mf79jetb8upr3qigvqbnda3rcr', 'http://localhost/turnos/iniciar-sesion', 'Mozilla/5.0 (Windows NT 10.0; Win64; x64) AppleWebKit/537.36 (KHTML, like Gecko) Chrome/89.0.4389.114 Safari/537.36', '::1', '2021-04-11 16:51:55', '2021-04-11 16:51:55', 'N', 4),
	(17, '1077461284', 'mf79jetb8upr3qigvqbnda3rcr', 'http://localhost/turnos/crear-turno', 'Mozilla/5.0 (Windows NT 10.0; Win64; x64) AppleWebKit/537.36 (KHTML, like Gecko) Chrome/89.0.4389.114 Safari/537.36', '::1', '2021-04-12 10:28:34', '2021-04-12 10:28:34', 'N', 3),
	(18, '1077461284', 'mf79jetb8upr3qigvqbnda3rcr', 'http://localhost/turnos/', 'Mozilla/5.0 (Windows NT 10.0; Win64; x64) AppleWebKit/537.36 (KHTML, like Gecko) Chrome/89.0.4389.114 Safari/537.36', '::1', '2021-04-16 07:20:24', '2021-04-16 07:20:24', 'N', 1),
	(19, '1077461284', 'mf79jetb8upr3qigvqbnda3rcr', 'http://localhost/turnos/', 'Mozilla/5.0 (Windows NT 10.0; Win64; x64) AppleWebKit/537.36 (KHTML, like Gecko) Chrome/89.0.4389.114 Safari/537.36', '::1', '2021-04-16 08:49:45', '2021-04-16 08:49:45', 'N', 5),
	(20, '1077461284', 'g9kejvtti3uqn55nkpjoj8g1mv', 'http://localhost/turnos/', 'Mozilla/5.0 (Windows NT 10.0; Win64; x64) AppleWebKit/537.36 (KHTML, like Gecko) Chrome/90.0.4430.85 Safari/537.36', '::1', '2021-04-25 17:18:03', '2021-04-25 17:18:03', 'N', 5),
	(21, '1077461284', 'ldo07kh7kunn3a3c46152jla66', 'http://localhost/turnos/', 'Mozilla/5.0 (Windows NT 10.0; Win64; x64) AppleWebKit/537.36 (KHTML, like Gecko) Chrome/90.0.4430.85 Safari/537.36', '::1', '2021-04-25 18:36:49', '2021-04-25 18:36:49', 'N', 2),
	(22, '1077461284', 'g9kejvtti3uqn55nkpjoj8g1mv', 'http://localhost/turnos/', 'Mozilla/5.0 (Windows NT 10.0; Win64; x64) AppleWebKit/537.36 (KHTML, like Gecko) Chrome/90.0.4430.85 Safari/537.36', '::1', '2021-04-30 12:09:24', '2021-04-30 12:09:24', 'N', 1),
	(23, '1077461284', 'g9kejvtti3uqn55nkpjoj8g1mv', 'http://localhost/turnos/', 'Mozilla/5.0 (Windows NT 10.0; Win64; x64) AppleWebKit/537.36 (KHTML, like Gecko) Chrome/90.0.4430.85 Safari/537.36', '::1', '2021-04-30 13:27:19', '2021-04-30 13:27:19', 'N', 3),
	(24, '1077461284', 'g9kejvtti3uqn55nkpjoj8g1mv', 'http://localhost/turnos/', 'Mozilla/5.0 (Windows NT 10.0; Win64; x64) AppleWebKit/537.36 (KHTML, like Gecko) Chrome/90.0.4430.85 Safari/537.36', '::1', '2021-05-02 11:44:43', '2021-05-02 11:44:43', 'N', 2),
	(25, '1077461284', '1otqp9c8bmvqtk9rbgea4t461p', 'http://localhost/turnos/', 'Mozilla/5.0 (Windows NT 10.0; Win64; x64) AppleWebKit/537.36 (KHTML, like Gecko) Chrome/90.0.4430.85 Safari/537.36', '::1', '2021-05-02 17:46:18', '2021-05-02 17:46:18', 'N', 5),
	(26, '1077461284', 'g9kejvtti3uqn55nkpjoj8g1mv', 'http://localhost/turnos/', 'Mozilla/5.0 (Windows NT 10.0; Win64; x64) AppleWebKit/537.36 (KHTML, like Gecko) Chrome/90.0.4430.85 Safari/537.36', '::1', '2021-05-02 18:57:08', '2021-05-02 18:57:08', 'N', 1),
	(27, '1077461284', '561268290600346843540a61697c5bda', 'https://idpyba.com/turnos/', 'Mozilla/5.0 (Windows NT 10.0; Win64; x64) AppleWebKit/537.36 (KHTML, like Gecko) Chrome/90.0.4430.85 Safari/537.36', '186.84.88.44', '2021-05-02 19:18:53', '2021-05-02 19:18:53', 'N', 5),
	(28, '1077461284', '561268290600346843540a61697c5bda', 'https://idpyba.com/turnos/', 'Mozilla/5.0 (Windows NT 10.0; Win64; x64) AppleWebKit/537.36 (KHTML, like Gecko) Chrome/90.0.4430.85 Safari/537.36', '186.84.88.44', '2021-05-02 19:25:04', '2021-05-02 19:25:04', 'N', 1),
	(29, '1077461284', '561268290600346843540a61697c5bda', 'https://idpyba.com/turnos/', 'Mozilla/5.0 (Windows NT 10.0; Win64; x64) AppleWebKit/537.36 (KHTML, like Gecko) Chrome/90.0.4430.85 Safari/537.36', '186.84.89.196', '2021-05-03 07:39:55', '2021-05-03 07:39:55', 'N', 2),
	(30, 'ATENCION1', '561268290600346843540a61697c5bda', 'https://idpyba.com/turnos/', 'Mozilla/5.0 (Windows NT 10.0; Win64; x64) AppleWebKit/537.36 (KHTML, like Gecko) Chrome/90.0.4430.85 Safari/537.36', '186.84.89.196', '2021-05-03 18:51:44', '2021-05-03 18:51:44', 'N', 5),
	(31, 'ATENCION6', '50d2e4f9bf38c72e76dd3452f43bf180', 'https://idpyba.com/turnos/', 'Mozilla/5.0 (Windows NT 10.0; Win64; x64) AppleWebKit/537.36 (KHTML, like Gecko) Chrome/90.0.4430.93 Safari/537.36', '186.119.25.229', '2021-05-03 19:28:36', '2021-05-03 19:28:36', 'N', 3),
	(32, 'ATENCION3', '50d2e4f9bf38c72e76dd3452f43bf180', 'https://idpyba.com/turnos/', 'Mozilla/5.0 (Windows NT 10.0; Win64; x64) AppleWebKit/537.36 (KHTML, like Gecko) Chrome/90.0.4430.93 Safari/537.36', '186.119.25.229', '2021-05-03 19:35:28', '2021-05-03 19:35:28', 'N', 1),
	(33, 'ATENCION5', '50d2e4f9bf38c72e76dd3452f43bf180', 'https://idpyba.com/turnos/', 'Mozilla/5.0 (Windows NT 10.0; Win64; x64) AppleWebKit/537.36 (KHTML, like Gecko) Chrome/90.0.4430.93 Safari/537.36', '186.119.25.229', '2021-05-03 19:40:19', '2021-05-03 19:40:19', 'N', 5),
	(34, '1077461284', '561268290600346843540a61697c5bda', 'https://idpyba.com/turnos/', 'Mozilla/5.0 (Windows NT 10.0; Win64; x64) AppleWebKit/537.36 (KHTML, like Gecko) Chrome/90.0.4430.85 Safari/537.36', '186.84.89.196', '2021-05-03 19:41:05', '2021-05-03 19:41:05', 'N', 5),
	(35, 'ATENCION4', '561268290600346843540a61697c5bda', 'https://idpyba.com/turnos/', 'Mozilla/5.0 (Windows NT 10.0; Win64; x64) AppleWebKit/537.36 (KHTML, like Gecko) Chrome/90.0.4430.85 Safari/537.36', '186.84.89.196', '2021-05-03 19:44:16', '2021-05-03 19:44:16', 'N', 1),
	(36, '1077461284', '561268290600346843540a61697c5bda', 'https://idpyba.com/turnos/', 'Mozilla/5.0 (Windows NT 10.0; Win64; x64) AppleWebKit/537.36 (KHTML, like Gecko) Chrome/90.0.4430.85 Safari/537.36', '186.84.89.196', '2021-05-03 19:44:27', '2021-05-03 19:44:27', 'N', 2),
	(37, 'ATENCION2', '50d2e4f9bf38c72e76dd3452f43bf180', 'https://idpyba.com/turnos/', 'Mozilla/5.0 (Windows NT 10.0; Win64; x64) AppleWebKit/537.36 (KHTML, like Gecko) Chrome/90.0.4430.93 Safari/537.36', '186.119.25.229', '2021-05-03 19:45:58', '2021-05-03 19:45:58', 'N', 4),
	(38, 'ATENCION10', '50d2e4f9bf38c72e76dd3452f43bf180', 'https://idpyba.com/turnos/', 'Mozilla/5.0 (Windows NT 10.0; Win64; x64) AppleWebKit/537.36 (KHTML, like Gecko) Chrome/90.0.4430.93 Safari/537.36', '186.119.25.229', '2021-05-03 19:47:07', '2021-05-03 19:47:07', 'N', 2),
	(39, 'ATENCION1', '50d2e4f9bf38c72e76dd3452f43bf180', 'https://idpyba.com/turnos/', 'Mozilla/5.0 (Windows NT 10.0; Win64; x64) AppleWebKit/537.36 (KHTML, like Gecko) Chrome/90.0.4430.93 Safari/537.36', '186.119.25.229', '2021-05-03 19:49:56', '2021-05-03 19:49:56', 'N', 1),
	(40, 'ATENCION4', '50d2e4f9bf38c72e76dd3452f43bf180', 'https://idpyba.com/turnos/', 'Mozilla/5.0 (Windows NT 10.0; Win64; x64) AppleWebKit/537.36 (KHTML, like Gecko) Chrome/90.0.4430.93 Safari/537.36', '186.119.25.229', '2021-05-03 19:52:05', '2021-05-03 19:52:05', 'N', 2),
	(41, 'ATENCION9', '50d2e4f9bf38c72e76dd3452f43bf180', 'https://idpyba.com/turnos/', 'Mozilla/5.0 (Windows NT 10.0; Win64; x64) AppleWebKit/537.36 (KHTML, like Gecko) Chrome/90.0.4430.93 Safari/537.36', '186.119.25.229', '2021-05-03 19:52:58', '2021-05-03 19:52:58', 'N', 4),
	(42, 'ATENCION8', '50d2e4f9bf38c72e76dd3452f43bf180', 'https://idpyba.com/turnos/', 'Mozilla/5.0 (Windows NT 10.0; Win64; x64) AppleWebKit/537.36 (KHTML, like Gecko) Chrome/90.0.4430.93 Safari/537.36', '186.119.25.229', '2021-05-03 20:13:47', '2021-05-03 20:13:47', 'N', 4),
	(43, '1077461284', '561268290600346843540a61697c5bda', 'https://idpyba.com/turnos/iniciar-sesion', 'Mozilla/5.0 (Windows NT 10.0; Win64; x64) AppleWebKit/537.36 (KHTML, like Gecko) Chrome/90.0.4430.85 Safari/537.36', '186.84.89.196', '2021-05-03 20:15:30', '2021-05-03 20:15:30', 'N', 4),
	(44, 'ATENCION11', '50d2e4f9bf38c72e76dd3452f43bf180', 'https://idpyba.com/turnos/', 'Mozilla/5.0 (Windows NT 10.0; Win64; x64) AppleWebKit/537.36 (KHTML, like Gecko) Chrome/90.0.4430.93 Safari/537.36', '186.119.25.229', '2021-05-03 20:16:39', '2021-05-03 20:16:39', 'N', 2),
	(45, '1077461284', '561268290600346843540a61697c5bda', 'https://idpyba.com/turnos/iniciar-sesion', 'Mozilla/5.0 (Windows NT 10.0; Win64; x64) AppleWebKit/537.36 (KHTML, like Gecko) Chrome/90.0.4430.85 Safari/537.36', '186.84.89.196', '2021-05-03 21:07:19', '2021-05-03 21:07:19', 'N', 1),
	(46, 'ATENCION8', 'b675670e3724e3ec5f8f73d9949145d5', 'https://idpyba.com/turnos/', 'Mozilla/5.0 (Windows NT 10.0; Win64; x64) AppleWebKit/537.36 (KHTML, like Gecko) Chrome/90.0.4430.93 Safari/537.36', '186.115.39.188', '2021-05-04 08:15:53', '2021-05-04 08:15:53', 'N', 1),
	(47, 'ATENCION1', '80d76a8d5db3d6cd1ace410cf5706f27', 'https://idpyba.com/turnos/', 'Mozilla/5.0 (Windows NT 10.0; Win64; x64) AppleWebKit/537.36 (KHTML, like Gecko) Chrome/90.0.4430.93 Safari/537.36', '190.84.197.252', '2021-05-04 08:55:39', '2021-05-04 08:55:39', 'N', 5),
	(48, 'ATENCION11', '1d0bfe7ce6aa6eacb1a409bae667b442', 'https://idpyba.com/turnos/', 'Mozilla/5.0 (Windows NT 10.0; Win64; x64) AppleWebKit/537.36 (KHTML, like Gecko) Chrome/90.0.4430.93 Safari/537.36', '181.57.112.58', '2021-05-04 08:57:55', '2021-05-04 08:57:55', 'N', 1),
	(49, 'ATENCION3', '46364aea18a342226eccc672204b8cd6', 'https://idpyba.com/turnos/', 'Mozilla/5.0 (Windows NT 10.0; Win64; x64) AppleWebKit/537.36 (KHTML, like Gecko) Chrome/90.0.4430.93 Safari/537.36', '190.24.138.99', '2021-05-04 09:04:17', '2021-05-04 09:04:17', 'N', 4),
	(50, 'ATENCION1', '80d76a8d5db3d6cd1ace410cf5706f27', 'https://idpyba.com/turnos/iniciar-sesion', 'Mozilla/5.0 (Windows NT 10.0; Win64; x64) AppleWebKit/537.36 (KHTML, like Gecko) Chrome/90.0.4430.93 Safari/537.36', '190.84.197.252', '2021-05-04 09:11:14', '2021-05-04 09:11:14', 'N', 5),
	(51, '1077461284', 'vg8su3rdgn1egivt70c51noqvt', 'http://localhost/lia/cerrar-sesion', 'Mozilla/5.0 (Windows NT 10.0; Win64; x64) AppleWebKit/537.36 (KHTML, like Gecko) Chrome/91.0.4472.124 Safari/537.36', '::1', '2021-08-13 14:53:19', '2021-08-13 14:53:19', 'N', 4),
	(52, 'ATENCION2', '7c58110d455f6bbf0b2c86c74aeb6ef0', 'https://idpyba.com/turnos/', 'Mozilla/5.0 (Windows NT 10.0; Win64; x64) AppleWebKit/537.36 (KHTML, like Gecko) Chrome/90.0.4430.93 Safari/537.36', '179.33.117.250', '2021-05-04 09:22:02', '2021-05-04 09:22:02', 'N', 2),
	(53, 'ATENCION6', 'a2763139d5931e4e73772fff3cda75a9', 'https://idpyba.com/turnos/', 'Mozilla/5.0 (Linux; Android 9; SM-A307G) AppleWebKit/537.36 (KHTML, like Gecko) Chrome/89.0.4389.105 Mobile Safari/537.36', '191.95.55.250', '2021-05-04 09:36:49', '2021-05-04 09:36:49', 'N', 3),
	(54, 'ATENCION8', 'b675670e3724e3ec5f8f73d9949145d5', 'https://idpyba.com/turnos/', 'Mozilla/5.0 (Windows NT 10.0; Win64; x64) AppleWebKit/537.36 (KHTML, like Gecko) Chrome/90.0.4430.93 Safari/537.36', '186.115.39.188', '2021-05-04 09:56:25', '2021-05-04 09:56:25', 'N', 2),
	(55, 'ATENCION4', '09790c97d599eaa2525488a9047b8f07', 'https://idpyba.com/turnos/', 'Mozilla/5.0 (Windows NT 10.0; Win64; x64) AppleWebKit/537.36 (KHTML, like Gecko) Chrome/90.0.4430.93 Safari/537.36', '190.24.138.99', '2021-05-04 10:00:26', '2021-05-04 10:00:26', 'N', 4),
	(56, '1077461284', '561268290600346843540a61697c5bda', 'https://idpyba.com/turnos/', 'Mozilla/5.0 (Windows NT 10.0; Win64; x64) AppleWebKit/537.36 (KHTML, like Gecko) Chrome/90.0.4430.93 Safari/537.36', '186.84.89.196', '2021-05-04 10:13:12', '2021-05-04 10:13:12', 'N', 2),
	(57, 'ATENCION7', 'ea88a9025d977cfec38b741ccc418994', 'https://idpyba.com/turnos/iniciar-sesion', 'Mozilla/5.0 (Windows NT 10.0; Win64; x64) AppleWebKit/537.36 (KHTML, like Gecko) Chrome/90.0.4430.93 Safari/537.36', '190.24.138.99', '2021-05-04 11:55:44', '2021-05-04 11:55:44', 'N', 4),
	(58, 'ATENCION8', 'b675670e3724e3ec5f8f73d9949145d5', 'https://idpyba.com/turnos/', 'Mozilla/5.0 (Windows NT 10.0; Win64; x64) AppleWebKit/537.36 (KHTML, like Gecko) Chrome/90.0.4430.93 Safari/537.36', '186.115.39.188', '2021-05-04 12:28:50', '2021-05-04 12:28:50', 'N', 5),
	(59, '1077461284', '75bd42da1b0e7fba1b8d8e8b86b36801', 'https://idpyba.com/turnos/', 'Mozilla/5.0 (Linux; Android 10; SM-A705MN) AppleWebKit/537.36 (KHTML, like Gecko) Chrome/90.0.4430.91 Mobile Safari/537.36', '191.156.147.172', '2021-05-04 12:59:32', '2021-05-04 12:59:32', 'N', 1),
	(60, 'ATENCION2', '7c58110d455f6bbf0b2c86c74aeb6ef0', 'https://idpyba.com/turnos/', 'Mozilla/5.0 (Windows NT 10.0; Win64; x64) AppleWebKit/537.36 (KHTML, like Gecko) Chrome/90.0.4430.93 Safari/537.36', '179.33.117.250', '2021-05-04 13:52:56', '2021-05-04 13:52:56', 'N', 4),
	(61, '1077461284', '561268290600346843540a61697c5bda', 'https://idpyba.com/turnos/', 'Mozilla/5.0 (Windows NT 10.0; Win64; x64) AppleWebKit/537.36 (KHTML, like Gecko) Chrome/90.0.4430.93 Safari/537.36', '186.84.89.196', '2021-05-04 15:08:42', '2021-05-04 15:08:42', 'N', 3),
	(62, '1077461284', '561268290600346843540a61697c5bda', 'https://idpyba.com/turnos/', 'Mozilla/5.0 (Windows NT 10.0; Win64; x64) AppleWebKit/537.36 (KHTML, like Gecko) Chrome/90.0.4430.93 Safari/537.36', '186.84.89.196', '2021-05-04 16:30:57', '2021-05-04 16:30:57', 'N', 4),
	(63, 'ATENCION8', 'b675670e3724e3ec5f8f73d9949145d5', 'https://idpyba.com/turnos/', 'Mozilla/5.0 (Windows NT 10.0; Win64; x64) AppleWebKit/537.36 (KHTML, like Gecko) Chrome/90.0.4430.93 Safari/537.36', '186.115.22.119', '2021-05-04 17:04:03', '2021-05-04 17:04:03', 'N', 3),
	(64, 'ATENCION2', '7c58110d455f6bbf0b2c86c74aeb6ef0', 'https://idpyba.com/turnos/', 'Mozilla/5.0 (Windows NT 10.0; Win64; x64) AppleWebKit/537.36 (KHTML, like Gecko) Chrome/90.0.4430.93 Safari/537.36', '179.33.117.250', '2021-05-04 17:41:30', '2021-05-04 17:41:30', 'N', 3),
	(65, '1077461284', '561268290600346843540a61697c5bda', 'https://idpyba.com/turnos/iniciar-sesion', 'Mozilla/5.0 (Windows NT 10.0; Win64; x64) AppleWebKit/537.36 (KHTML, like Gecko) Chrome/90.0.4430.93 Safari/537.36', '186.84.89.196', '2021-05-04 18:05:51', '2021-05-04 18:05:51', 'N', 2),
	(66, '1077461284', '561268290600346843540a61697c5bda', 'https://idpyba.com/turnos/iniciar-sesion', 'Mozilla/5.0 (Windows NT 10.0; Win64; x64) AppleWebKit/537.36 (KHTML, like Gecko) Chrome/90.0.4430.93 Safari/537.36', '186.84.89.196', '2021-05-04 20:00:20', '2021-05-04 20:00:20', 'N', 3),
	(67, '1077461284', '2c9bf8c17b048018fe31b75deabd3dd2', 'https://idpyba.com/turnos/', 'Mozilla/5.0 (Linux; Android 10; SM-A705MN) AppleWebKit/537.36 (KHTML, like Gecko) Chrome/90.0.4430.91 Mobile Safari/537.36', '186.84.89.196', '2021-05-04 22:26:38', '2021-05-04 22:26:38', 'N', 2),
	(68, '1077461284', '561268290600346843540a61697c5bda', 'https://idpyba.com/turnos/iniciar-sesion', 'Mozilla/5.0 (Windows NT 10.0; Win64; x64) AppleWebKit/537.36 (KHTML, like Gecko) Chrome/90.0.4430.93 Safari/537.36', '186.84.89.196', '2021-05-05 07:20:11', '2021-05-05 07:20:11', 'N', 1),
	(69, 'ATENCION2', '2c2b36eebe4d552aeb26a02d34e90f9f', 'https://idpyba.com/turnos/', 'Mozilla/5.0 (Windows NT 10.0; Win64; x64) AppleWebKit/537.36 (KHTML, like Gecko) Chrome/90.0.4430.93 Safari/537.36', '179.33.117.250', '2021-05-05 08:56:54', '2021-05-05 08:56:54', 'N', 5),
	(70, 'ATENCION4', '483a9375ba1d7c320d4a8ff912451f81', 'https://idpyba.com/turnos/', 'Mozilla/5.0 (Windows NT 10.0; Win64; x64) AppleWebKit/537.36 (KHTML, like Gecko) Chrome/86.0.4240.198 Safari/537.36', '186.84.22.229', '2021-05-05 09:22:33', '2021-05-05 09:22:33', 'N', 3),
	(71, 'ATENCION8', 'b675670e3724e3ec5f8f73d9949145d5', 'https://idpyba.com/turnos/', 'Mozilla/5.0 (Windows NT 10.0; Win64; x64) AppleWebKit/537.36 (KHTML, like Gecko) Chrome/90.0.4430.93 Safari/537.36', '179.33.255.247', '2021-05-05 09:45:36', '2021-05-05 09:45:36', 'N', 3),
	(72, 'ATENCION2', '2c2b36eebe4d552aeb26a02d34e90f9f', 'https://idpyba.com/turnos/', 'Mozilla/5.0 (Windows NT 10.0; Win64; x64) AppleWebKit/537.36 (KHTML, like Gecko) Chrome/90.0.4430.93 Safari/537.36', '179.33.117.250', '2021-05-05 10:06:21', '2021-05-05 10:06:21', 'N', 5),
	(73, 'ATENCION7', '5c7af485c41e7f6d980024e3567e785e', 'https://idpyba.com/turnos/iniciar-sesion', 'Mozilla/5.0 (Windows NT 10.0; Win64; x64) AppleWebKit/537.36 (KHTML, like Gecko) Chrome/90.0.4430.93 Safari/537.36', '190.24.138.99', '2021-05-05 11:24:24', '2021-05-05 11:24:24', 'N', 1),
	(74, 'ATENCION2', '2c2b36eebe4d552aeb26a02d34e90f9f', 'https://idpyba.com/turnos/', 'Mozilla/5.0 (Windows NT 10.0; Win64; x64) AppleWebKit/537.36 (KHTML, like Gecko) Chrome/90.0.4430.93 Safari/537.36', '179.33.117.250', '2021-05-05 11:39:04', '2021-05-05 11:39:04', 'N', 3),
	(75, 'ATENCION7', '5c4ffe5751dfab41042e79c921df7728', 'https://idpyba.com/turnos/iniciar-sesion', 'Mozilla/5.0 (Windows NT 10.0; Win64; x64) AppleWebKit/537.36 (KHTML, like Gecko) Chrome/90.0.4430.93 Safari/537.36', '186.154.194.51', '2021-05-05 12:21:48', '2021-05-05 12:21:48', 'N', 1),
	(76, 'ATENCION2', '2c2b36eebe4d552aeb26a02d34e90f9f', 'https://idpyba.com/turnos/', 'Mozilla/5.0 (Windows NT 10.0; Win64; x64) AppleWebKit/537.36 (KHTML, like Gecko) Chrome/90.0.4430.93 Safari/537.36', '179.33.117.250', '2021-05-05 13:10:38', '2021-05-05 13:10:38', 'N', 5),
	(77, '1077461284', '561268290600346843540a61697c5bda', 'https://idpyba.com/turnos/iniciar-sesion', 'Mozilla/5.0 (Windows NT 10.0; Win64; x64) AppleWebKit/537.36 (KHTML, like Gecko) Chrome/90.0.4430.93 Safari/537.36', '186.84.89.196', '2021-05-05 14:22:10', '2021-05-05 14:22:10', 'N', 3),
	(78, 'ATENCION4', '483a9375ba1d7c320d4a8ff912451f81', 'https://idpyba.com/turnos/', 'Mozilla/5.0 (Windows NT 10.0; Win64; x64) AppleWebKit/537.36 (KHTML, like Gecko) Chrome/86.0.4240.198 Safari/537.36', '186.84.22.229', '2021-05-05 14:25:36', '2021-05-05 14:25:36', 'N', 2),
	(79, '1077461284', '561268290600346843540a61697c5bda', 'https://idpyba.com/turnos/', 'Mozilla/5.0 (Windows NT 10.0; Win64; x64) AppleWebKit/537.36 (KHTML, like Gecko) Chrome/90.0.4430.93 Safari/537.36', '186.84.89.196', '2021-05-05 20:05:35', '2021-05-05 20:05:35', 'N', 5),
	(80, '1077461284', '561268290600346843540a61697c5bda', 'https://idpyba.com/turnos/iniciar-sesion', 'Mozilla/5.0 (Windows NT 10.0; Win64; x64) AppleWebKit/537.36 (KHTML, like Gecko) Chrome/90.0.4430.93 Safari/537.36', '186.84.89.196', '2021-05-05 21:02:30', '2021-05-05 21:02:30', 'N', 3),
	(81, 'ATENCION7', '016b4a25568e9bb6db06c75c86f033f5', 'https://idpyba.com/turnos/iniciar-sesion', 'Mozilla/5.0 (Windows NT 10.0; Win64; x64) AppleWebKit/537.36 (KHTML, like Gecko) Chrome/90.0.4430.93 Safari/537.36', '186.154.194.53', '2021-05-06 06:52:16', '2021-05-06 06:52:16', 'N', 4),
	(82, '1077461284', '561268290600346843540a61697c5bda', 'https://idpyba.com/turnos/iniciar-sesion', 'Mozilla/5.0 (Windows NT 10.0; Win64; x64) AppleWebKit/537.36 (KHTML, like Gecko) Chrome/90.0.4430.93 Safari/537.36', '186.84.89.196', '2021-05-06 07:14:54', '2021-05-06 07:14:54', 'N', 5),
	(83, 'ATENCION2', '409cd7563eb4e0289002268062d13cf4', 'https://idpyba.com/turnos/', 'Mozilla/5.0 (Linux; Android 8.1.0; SM-G610M) AppleWebKit/537.36 (KHTML, like Gecko) Chrome/89.0.4389.105 Mobile Safari/537.36', '179.33.117.250', '2021-05-06 08:30:55', '2021-05-06 08:30:55', 'N', 5),
	(84, 'ATENCION1', 'c2bfb67354f76895e29495e4441870fa', 'https://idpyba.com/turnos/', 'Mozilla/5.0 (Windows NT 10.0; Win64; x64) AppleWebKit/537.36 (KHTML, like Gecko) Chrome/90.0.4430.93 Safari/537.36', '190.84.197.252', '2021-05-06 09:45:18', '2021-05-06 09:45:18', 'N', 5),
	(85, '1077461284', '561268290600346843540a61697c5bda', 'https://idpyba.com/turnos/iniciar-sesion', 'Mozilla/5.0 (Windows NT 10.0; Win64; x64) AppleWebKit/537.36 (KHTML, like Gecko) Chrome/90.0.4430.93 Safari/537.36', '186.84.89.196', '2021-05-06 10:55:29', '2021-05-06 10:55:29', 'N', 5),
	(86, 'ATENCION8', '603db9a12370c393040ebcdfafeeba15', 'https://idpyba.com/turnos/', 'Mozilla/5.0 (Windows NT 10.0; Win64; x64) AppleWebKit/537.36 (KHTML, like Gecko) Chrome/90.0.4430.93 Safari/537.36', '161.18.161.184', '2021-05-06 11:07:50', '2021-05-06 11:07:50', 'N', 3),
	(87, 'ATENCION2', '6fd3d0388945312eaa656b666aeacb1e', 'https://idpyba.com/turnos/', 'Mozilla/5.0 (Windows NT 10.0; Win64; x64) AppleWebKit/537.36 (KHTML, like Gecko) Chrome/90.0.4430.93 Safari/537.36', '179.33.117.250', '2021-05-06 11:21:25', '2021-05-06 11:21:25', 'N', 2),
	(88, 'ATENCION7', '016b4a25568e9bb6db06c75c86f033f5', 'https://idpyba.com/turnos/iniciar-sesion', 'Mozilla/5.0 (Windows NT 10.0; Win64; x64) AppleWebKit/537.36 (KHTML, like Gecko) Chrome/90.0.4430.93 Safari/537.36', '186.154.194.54', '2021-05-06 11:30:02', '2021-05-06 11:30:02', 'N', 2),
	(89, '1077461284', '561268290600346843540a61697c5bda', 'https://idpyba.com/turnos/iniciar-sesion', 'Mozilla/5.0 (Windows NT 10.0; Win64; x64) AppleWebKit/537.36 (KHTML, like Gecko) Chrome/90.0.4430.93 Safari/537.36', '186.84.89.196', '2021-05-06 13:05:27', '2021-05-06 13:05:27', 'N', 2),
	(90, 'ATENCION2', '6fd3d0388945312eaa656b666aeacb1e', 'https://idpyba.com/turnos/iniciar-sesion', 'Mozilla/5.0 (Windows NT 10.0; Win64; x64) AppleWebKit/537.36 (KHTML, like Gecko) Chrome/90.0.4430.93 Safari/537.36', '179.33.117.250', '2021-05-06 13:29:21', '2021-05-06 13:29:21', 'N', 5),
	(91, '1077461284', '561268290600346843540a61697c5bda', 'https://idpyba.com/turnos/', 'Mozilla/5.0 (Windows NT 10.0; Win64; x64) AppleWebKit/537.36 (KHTML, like Gecko) Chrome/90.0.4430.93 Safari/537.36', '186.84.89.196', '2021-05-06 13:51:49', '2021-05-06 13:51:49', 'N', 5),
	(92, 'ATENCION2', '6fd3d0388945312eaa656b666aeacb1e', 'https://idpyba.com/turnos/iniciar-sesion', 'Mozilla/5.0 (Windows NT 10.0; Win64; x64) AppleWebKit/537.36 (KHTML, like Gecko) Chrome/90.0.4430.93 Safari/537.36', '179.33.117.250', '2021-05-06 14:35:15', '2021-05-06 14:35:15', 'N', 5),
	(93, 'ATENCION8', '603db9a12370c393040ebcdfafeeba15', 'https://idpyba.com/turnos/iniciar-sesion', 'Mozilla/5.0 (Windows NT 10.0; Win64; x64) AppleWebKit/537.36 (KHTML, like Gecko) Chrome/90.0.4430.93 Safari/537.36', '161.18.161.184', '2021-05-06 14:54:51', '2021-05-06 14:54:51', 'N', 5),
	(94, 'ATENCION1', '4f9b9f530966863e5eaa86b38d0b9693', 'https://idpyba.com/turnos/', 'Mozilla/5.0 (Windows NT 10.0; Win64; x64) AppleWebKit/537.36 (KHTML, like Gecko) Chrome/90.0.4430.93 Safari/537.36', '190.84.197.252', '2021-05-06 15:16:11', '2021-05-06 15:16:11', 'N', 4),
	(95, 'ATENCION8', '603db9a12370c393040ebcdfafeeba15', 'https://idpyba.com/turnos/iniciar-sesion', 'Mozilla/5.0 (Windows NT 10.0; Win64; x64) AppleWebKit/537.36 (KHTML, like Gecko) Chrome/90.0.4430.93 Safari/537.36', '161.18.161.184', '2021-05-06 18:01:14', '2021-05-06 18:01:14', 'N', 4),
	(96, 'ATENCION8', '603db9a12370c393040ebcdfafeeba15', 'https://idpyba.com/turnos/', 'Mozilla/5.0 (Windows NT 10.0; Win64; x64) AppleWebKit/537.36 (KHTML, like Gecko) Chrome/90.0.4430.93 Safari/537.36', '161.18.161.184', '2021-05-06 19:12:51', '2021-05-06 19:12:51', 'N', 2),
	(97, '1077461284', '561268290600346843540a61697c5bda', 'https://idpyba.com/turnos/iniciar-sesion', 'Mozilla/5.0 (Windows NT 10.0; Win64; x64) AppleWebKit/537.36 (KHTML, like Gecko) Chrome/90.0.4430.93 Safari/537.36', '186.84.89.196', '2021-05-06 19:22:17', '2021-05-06 19:22:17', 'N', 3),
	(98, 'ATENCION2', '6fd3d0388945312eaa656b666aeacb1e', 'https://idpyba.com/turnos/', 'Mozilla/5.0 (Windows NT 10.0; Win64; x64) AppleWebKit/537.36 (KHTML, like Gecko) Chrome/90.0.4430.93 Safari/537.36', '179.33.126.190', '2021-05-06 20:53:51', '2021-05-06 20:53:51', 'N', 3),
	(99, 'ATENCION10', '2e547d025d33335be1fc89b7d0b5fe2d', 'https://idpyba.com/turnos/', 'Mozilla/5.0 (Windows NT 10.0; Win64; x64) AppleWebKit/537.36 (KHTML, like Gecko) Chrome/90.0.4430.93 Safari/537.36', '200.118.61.60', '2021-05-06 21:24:11', '2021-05-06 21:24:11', 'N', 5),
	(100, 'ATENCION7', '8df0388e9cc1f02a358eadcd3bd187cf', 'https://idpyba.com/turnos/iniciar-sesion', 'Mozilla/5.0 (Windows NT 10.0; Win64; x64) AppleWebKit/537.36 (KHTML, like Gecko) Chrome/90.0.4430.93 Safari/537.36', '186.154.194.50', '2021-05-07 07:19:04', '2021-05-07 07:19:04', 'N', 2),
	(101, 'ATENCION1', '3a3b4cd603ca5917ee65f9ce224539a5', 'https://idpyba.com/turnos/', 'Mozilla/5.0 (Windows NT 10.0; Win64; x64) AppleWebKit/537.36 (KHTML, like Gecko) Chrome/90.0.4430.93 Safari/537.36', '190.84.197.252', '2021-05-07 08:11:14', '2021-05-07 08:11:14', 'N', 3),
	(102, 'ATENCION2', '8bedc462e35f21681cd21131fd2759c5', 'https://idpyba.com/turnos/', 'Mozilla/5.0 (Windows NT 10.0; Win64; x64) AppleWebKit/537.36 (KHTML, like Gecko) Chrome/90.0.4430.93 Safari/537.36', '190.25.230.98', '2021-05-07 08:48:56', '2021-05-07 08:48:56', 'N', 5),
	(103, 'ATENCION1', '3a3b4cd603ca5917ee65f9ce224539a5', 'https://idpyba.com/turnos/', 'Mozilla/5.0 (Windows NT 10.0; Win64; x64) AppleWebKit/537.36 (KHTML, like Gecko) Chrome/90.0.4430.93 Safari/537.36', '190.84.197.252', '2021-05-07 08:52:31', '2021-05-07 08:52:31', 'N', 2),
	(104, 'ATENCION8', '8c160b164a177611144eca0a3dc467b4', 'https://idpyba.com/turnos/', 'Mozilla/5.0 (Windows NT 10.0; Win64; x64) AppleWebKit/537.36 (KHTML, like Gecko) Chrome/90.0.4430.93 Safari/537.36', '161.18.161.184', '2021-05-07 09:34:53', '2021-05-07 09:34:53', 'N', 2),
	(105, 'ATENCION6', '33ae9c0821996f8ecb5c696a6aa8d7a3', 'https://idpyba.com/turnos/', 'Mozilla/5.0 (Linux; Android 9; SM-A307G) AppleWebKit/537.36 (KHTML, like Gecko) Chrome/89.0.4389.105 Mobile Safari/537.36', '191.95.53.39', '2021-05-07 10:00:37', '2021-05-07 10:00:37', 'N', 1),
	(106, 'ATENCION4', '4555fa3a8352059c660b16d944dcb265', 'https://idpyba.com/turnos/', 'Mozilla/5.0 (Windows NT 10.0; Win64; x64) AppleWebKit/537.36 (KHTML, like Gecko) Chrome/90.0.4430.93 Safari/537.36', '190.25.230.98', '2021-05-07 10:14:48', '2021-05-07 10:14:48', 'N', 2),
	(107, 'ATENCION10', '47e97a3f489b0ab316ea5b8c04fd129e', 'https://idpyba.com/turnos/', 'Mozilla/5.0 (Linux; Android 10; VOG-L29) AppleWebKit/537.36 (KHTML, like Gecko) Chrome/90.0.4430.91 Mobile Safari/537.36', '186.102.13.197', '2021-05-07 11:11:31', '2021-05-07 11:11:31', 'N', 5),
	(108, 'ATENCION2', 'bba1042ada93a94d6c4fbcc4fcaaf666', 'https://idpyba.com/turnos/', 'Mozilla/5.0 (Windows NT 10.0; Win64; x64) AppleWebKit/537.36 (KHTML, like Gecko) Chrome/90.0.4430.93 Safari/537.36', '190.25.230.98', '2021-05-07 11:16:27', '2021-05-07 11:16:27', 'N', 5),
	(109, 'ATENCION1', 'c1e2f4b82d1f2ed81397c4c6732a3c5e', 'https://idpyba.com/turnos/', 'Mozilla/5.0 (Windows NT 10.0; Win64; x64) AppleWebKit/537.36 (KHTML, like Gecko) Chrome/90.0.4430.93 Safari/537.36', '190.84.197.252', '2021-05-07 11:35:18', '2021-05-07 11:35:18', 'N', 3),
	(110, 'ATENCION4', '4555fa3a8352059c660b16d944dcb265', 'https://idpyba.com/turnos/', 'Mozilla/5.0 (Windows NT 10.0; Win64; x64) AppleWebKit/537.36 (KHTML, like Gecko) Chrome/90.0.4430.93 Safari/537.36', '190.25.230.98', '2021-05-07 12:29:22', '2021-05-07 12:29:22', 'N', 5),
	(111, 'ATENCION1', 'c1e2f4b82d1f2ed81397c4c6732a3c5e', 'https://idpyba.com/turnos/', 'Mozilla/5.0 (Windows NT 10.0; Win64; x64) AppleWebKit/537.36 (KHTML, like Gecko) Chrome/90.0.4430.93 Safari/537.36', '190.84.197.252', '2021-05-07 13:11:24', '2021-05-07 13:11:24', 'N', 4),
	(112, 'ATENCION7', '8df0388e9cc1f02a358eadcd3bd187cf', 'https://idpyba.com/turnos/', 'Mozilla/5.0 (Windows NT 10.0; Win64; x64) AppleWebKit/537.36 (KHTML, like Gecko) Chrome/90.0.4430.93 Safari/537.36', '186.154.194.51', '2021-05-07 13:36:47', '2021-05-07 13:36:47', 'N', 5),
	(113, 'ATENCION2', 'bba1042ada93a94d6c4fbcc4fcaaf666', 'https://idpyba.com/turnos/', 'Mozilla/5.0 (Windows NT 10.0; Win64; x64) AppleWebKit/537.36 (KHTML, like Gecko) Chrome/90.0.4430.93 Safari/537.36', '190.25.230.98', '2021-05-07 14:10:56', '2021-05-07 14:10:56', 'N', 5),
	(114, 'ATENCION4', '4555fa3a8352059c660b16d944dcb265', 'https://idpyba.com/turnos/', 'Mozilla/5.0 (Windows NT 10.0; Win64; x64) AppleWebKit/537.36 (KHTML, like Gecko) Chrome/90.0.4430.93 Safari/537.36', '190.25.230.98', '2021-05-07 14:11:05', '2021-05-07 14:11:05', 'N', 5),
	(115, 'ATENCION1', 'c1e2f4b82d1f2ed81397c4c6732a3c5e', 'https://idpyba.com/turnos/iniciar-sesion', 'Mozilla/5.0 (Windows NT 10.0; Win64; x64) AppleWebKit/537.36 (KHTML, like Gecko) Chrome/90.0.4430.93 Safari/537.36', '190.84.197.252', '2021-05-07 14:35:00', '2021-05-07 14:35:00', 'N', 5),
	(116, 'ATENCION11', '5b57299b6f14f9109448616f9d99437c', 'https://idpyba.com/turnos/', 'Mozilla/5.0 (Windows NT 10.0; Win64; x64) AppleWebKit/537.36 (KHTML, like Gecko) Chrome/90.0.4430.93 Safari/537.36', '181.57.112.58', '2021-05-07 15:37:52', '2021-05-07 15:37:52', 'N', 5),
	(117, 'ATENCION10', 'be4df9626b690b0192cfef8218e2e5a5', 'https://idpyba.com/turnos/', 'Mozilla/5.0 (Windows NT 10.0; Win64; x64) AppleWebKit/537.36 (KHTML, like Gecko) Chrome/90.0.4430.93 Safari/537.36', '200.118.61.60', '2021-05-07 17:16:18', '2021-05-07 17:16:18', 'N', 5),
	(118, 'ATENCION8', '8c160b164a177611144eca0a3dc467b4', 'https://idpyba.com/turnos/', 'Mozilla/5.0 (Windows NT 10.0; Win64; x64) AppleWebKit/537.36 (KHTML, like Gecko) Chrome/90.0.4430.93 Safari/537.36', '161.18.161.184', '2021-05-07 18:36:32', '2021-05-07 18:36:32', 'N', 5),
	(119, 'ATENCION10', 'eab3edb863a8b749cd1b1733e9f01da3', 'https://idpyba.com/turnos/', 'Mozilla/5.0 (Linux; Android 10; VOG-L29) AppleWebKit/537.36 (KHTML, like Gecko) Chrome/90.0.4430.91 Mobile Safari/537.36', '186.102.53.184', '2021-05-08 08:23:31', '2021-05-08 08:23:31', 'N', 3),
	(120, '1077461284', '46bbd18d1a91f48b82766b71b470bfab', 'https://idpyba.com/turnos/', 'Mozilla/5.0 (Linux; Android 10; SM-A705MN) AppleWebKit/537.36 (KHTML, like Gecko) Chrome/90.0.4430.91 Mobile Safari/537.36', '186.84.89.196', '2021-05-08 09:14:34', '2021-05-08 09:14:34', 'N', 1),
	(121, '1077461284', '561268290600346843540a61697c5bda', 'https://idpyba.com/turnos/', 'Mozilla/5.0 (Windows NT 10.0; Win64; x64) AppleWebKit/537.36 (KHTML, like Gecko) Chrome/90.0.4430.93 Safari/537.36', '186.84.89.196', '2021-05-09 08:06:16', '2021-05-09 08:06:16', 'N', 1),
	(122, '1077461284', 'g9kejvtti3uqn55nkpjoj8g1mv', 'http://localhost/turnos/', 'Mozilla/5.0 (Windows NT 10.0; Win64; x64) AppleWebKit/537.36 (KHTML, like Gecko) Chrome/90.0.4430.93 Safari/537.36', '::1', '2021-05-09 09:59:17', '2021-05-09 09:59:17', 'N', 1),
	(123, '1077461284', 'g9kejvtti3uqn55nkpjoj8g1mv', 'http://localhost/turnos/', 'Mozilla/5.0 (Windows NT 10.0; Win64; x64) AppleWebKit/537.36 (KHTML, like Gecko) Chrome/90.0.4430.93 Safari/537.36', '::1', '2021-05-09 19:45:10', '2021-05-09 19:45:10', 'N', 2),
	(124, '1077461284', 'g9kejvtti3uqn55nkpjoj8g1mv', 'http://localhost/turnos/', 'Mozilla/5.0 (Windows NT 10.0; Win64; x64) AppleWebKit/537.36 (KHTML, like Gecko) Chrome/90.0.4430.93 Safari/537.36', '::1', '2021-05-10 06:34:47', '2021-05-10 06:34:47', 'N', 2),
	(125, '1077461284', 'plnejpmotv2ksucamq37bvteth', 'http://localhost/turnos/', 'Mozilla/5.0 (Windows NT 10.0; Win64; x64) AppleWebKit/537.36 (KHTML, like Gecko) Chrome/90.0.4430.93 Safari/537.36', '::1', '2021-05-10 07:13:40', '2021-05-10 07:13:40', 'N', 5),
	(126, 'ATENCION1', '0481f871051b2ba00f994c824979b6a4', 'https://turnos.idpyba.com/', 'Mozilla/5.0 (Windows NT 10.0; Win64; x64) AppleWebKit/537.36 (KHTML, like Gecko) Chrome/90.0.4430.93 Safari/537.36', '190.84.197.252', '2021-05-10 09:17:25', '2021-05-10 09:17:25', 'N', 2),
	(127, 'ATENCION1', '0481f871051b2ba00f994c824979b6a4', 'https://turnos.idpyba.com/', 'Mozilla/5.0 (Windows NT 10.0; Win64; x64) AppleWebKit/537.36 (KHTML, like Gecko) Chrome/90.0.4430.93 Safari/537.36', '190.84.197.252', '2021-05-10 09:19:07', '2021-05-10 09:19:07', 'N', 2),
	(128, 'ATENCION1', 'dfdc1ad15ef66639947c110b6304a834', 'https://turnos.idpyba.com/', 'Mozilla/5.0 (Windows NT 10.0; Win64; x64) AppleWebKit/537.36 (KHTML, like Gecko) Chrome/90.0.4430.93 Safari/537.36', '190.84.197.252', '2021-05-10 10:20:22', '2021-05-10 10:20:22', 'N', 5),
	(129, 'ATENCION2', 'd0b72b2e65f50accc528a0342e962880', 'https://turnos.idpyba.com/', 'Mozilla/5.0 (Windows NT 10.0; Win64; x64) AppleWebKit/537.36 (KHTML, like Gecko) Chrome/90.0.4430.93 Safari/537.36', '179.33.126.190', '2021-05-10 11:51:46', '2021-05-10 11:51:46', 'N', 1),
	(130, '1077461284', 'eb5867e15911b6ffecbe68a08aa9a6d4', 'https://turnos.idpyba.com/', 'Mozilla/5.0 (Windows NT 10.0; Win64; x64) AppleWebKit/537.36 (KHTML, like Gecko) Chrome/90.0.4430.93 Safari/537.36', '186.84.89.196', '2021-05-10 12:03:13', '2021-05-10 12:03:13', 'N', 4),
	(131, 'ATENCION10', 'bd19f7c0ed676ef1ba6da08951225aa3', 'https://turnos.idpyba.com/', 'Mozilla/5.0 (Windows NT 10.0; Win64; x64) AppleWebKit/537.36 (KHTML, like Gecko) Chrome/90.0.4430.93 Safari/537.36', '200.118.61.60', '2021-05-10 12:44:10', '2021-05-10 12:44:10', 'N', 1),
	(132, 'ATENCION8', 'e665ae4907d41f54df95f396ee5a818a', 'https://turnos.idpyba.com/', 'Mozilla/5.0 (Linux; Android 8.0.0; SAMSUNG SM-A520F) AppleWebKit/537.36 (KHTML, like Gecko) SamsungBrowser/14.0 Chrome/87.0.4280.141 Mobile Safari/537.36', '186.102.52.123', '2021-05-10 12:54:15', '2021-05-10 12:54:15', 'N', 2),
	(133, 'ATENCION6', '79350b53a22c191fd059574dd6a14bfd', 'https://turnos.idpyba.com/', 'Mozilla/5.0 (Linux; Android 9; SM-A307G) AppleWebKit/537.36 (KHTML, like Gecko) Chrome/89.0.4389.105 Mobile Safari/537.36', '191.95.50.247', '2021-05-10 14:06:08', '2021-05-10 14:06:08', 'N', 1),
	(134, 'ATENCION11', '06fdd10eafac82818303ba269af9ef89', 'https://turnos.idpyba.com/', 'Mozilla/5.0 (Windows NT 10.0; Win64; x64) AppleWebKit/537.36 (KHTML, like Gecko) Chrome/90.0.4430.93 Safari/537.36', '2800:484:738d:6b7b:6895:90cf:d8d:66b0', '2021-05-10 14:09:21', '2021-05-10 14:09:21', 'N', 3),
	(135, 'ATENCION4', '8d55df24924b0bdacde9e761d10bf98a', 'https://turnos.idpyba.com/', 'Mozilla/5.0 (Linux; Android 10; SAMSUNG SM-A305G) AppleWebKit/537.36 (KHTML, like Gecko) SamsungBrowser/13.0 Chrome/83.0.4103.106 Mobile Safari/537.36', '179.18.52.251', '2021-05-10 14:38:50', '2021-05-10 14:38:50', 'N', 5),
	(136, 'ATENCION8', '250479fe2be3b15b28637285c4b4c13a', 'https://turnos.idpyba.com/', 'Mozilla/5.0 (Windows NT 10.0; Win64; x64) AppleWebKit/537.36 (KHTML, like Gecko) Chrome/90.0.4430.93 Safari/537.36', '161.18.161.184', '2021-05-10 16:51:35', '2021-05-10 16:51:35', 'N', 2),
	(137, 'ATENCION11', '21af46907f7a704e62de41d20a4d060a', 'https://turnos.idpyba.com/', 'Mozilla/5.0 (Windows NT 10.0; Win64; x64) AppleWebKit/537.36 (KHTML, like Gecko) Chrome/90.0.4430.93 Safari/537.36', '181.57.112.58', '2021-05-10 18:56:15', '2021-05-10 18:56:15', 'N', 2),
	(138, '1077461284', 'g9kejvtti3uqn55nkpjoj8g1mv', 'http://localhost/turnos/', 'Mozilla/5.0 (Windows NT 10.0; Win64; x64) AppleWebKit/537.36 (KHTML, like Gecko) Chrome/90.0.4430.93 Safari/537.36', '::1', '2021-05-11 18:05:55', '2021-05-11 18:05:55', 'N', 1),
	(139, '1077461284', 'g9kejvtti3uqn55nkpjoj8g1mv', 'http://localhost/turnos/', 'Mozilla/5.0 (Windows NT 10.0; Win64; x64) AppleWebKit/537.36 (KHTML, like Gecko) Chrome/90.0.4430.93 Safari/537.36', '::1', '2021-05-11 18:59:01', '2021-05-11 18:59:01', 'N', 4),
	(140, '1077461284', 'g9kejvtti3uqn55nkpjoj8g1mv', 'http://localhost/turnos/', 'Mozilla/5.0 (Windows NT 10.0; Win64; x64) AppleWebKit/537.36 (KHTML, like Gecko) Chrome/90.0.4430.93 Safari/537.36', '::1', '2021-05-11 20:21:27', '2021-05-11 20:21:27', 'N', 5),
	(141, '1077465967', 'g9kejvtti3uqn55nkpjoj8g1mv', 'http://localhost/turnos/', 'Mozilla/5.0 (Windows NT 10.0; Win64; x64) AppleWebKit/537.36 (KHTML, like Gecko) Chrome/90.0.4430.93 Safari/537.36', '::1', '2021-05-11 20:23:45', '2021-05-11 20:23:45', 'N', 4),
	(142, '1077465967', 'g9kejvtti3uqn55nkpjoj8g1mv', 'http://localhost/turnos/crear-turno', 'Mozilla/5.0 (Windows NT 10.0; Win64; x64) AppleWebKit/537.36 (KHTML, like Gecko) Chrome/90.0.4430.93 Safari/537.36', '::1', '2021-05-12 07:53:52', '2021-05-12 07:53:52', 'N', 4),
	(143, '1077461284', '8osik46uqg5vs1f070b3accruq', 'http://localhost/turnos/', 'Mozilla/5.0 (Windows NT 10.0; Win64; x64) AppleWebKit/537.36 (KHTML, like Gecko) Chrome/90.0.4430.93 Safari/537.36', '::1', '2021-05-12 08:20:25', '2021-05-12 08:20:25', 'N', 2),
	(144, '1077425428', 'g9kejvtti3uqn55nkpjoj8g1mv', 'http://localhost/turnos/', 'Mozilla/5.0 (Windows NT 10.0; Win64; x64) AppleWebKit/537.36 (KHTML, like Gecko) Chrome/90.0.4430.93 Safari/537.36', '::1', '2021-05-12 10:51:15', '2021-05-12 10:51:15', 'N', 2),
	(145, '1077425428', 'g9kejvtti3uqn55nkpjoj8g1mv', 'http://localhost/turnos/', 'Mozilla/5.0 (Windows NT 10.0; Win64; x64) AppleWebKit/537.36 (KHTML, like Gecko) Chrome/90.0.4430.93 Safari/537.36', '::1', '2021-05-13 11:24:56', '2021-05-13 11:24:56', 'N', 3),
	(146, '1077461284', '8osik46uqg5vs1f070b3accruq', 'http://localhost/turnos/', 'Mozilla/5.0 (Windows NT 10.0; Win64; x64) AppleWebKit/537.36 (KHTML, like Gecko) Chrome/90.0.4430.93 Safari/537.36', '::1', '2021-05-13 11:26:19', '2021-05-13 11:26:19', 'N', 5),
	(147, '1077425428', 'g9kejvtti3uqn55nkpjoj8g1mv', 'http://localhost/turnos/', 'Mozilla/5.0 (Windows NT 10.0; Win64; x64) AppleWebKit/537.36 (KHTML, like Gecko) Chrome/90.0.4430.93 Safari/537.36', '::1', '2021-05-13 17:19:35', '2021-05-13 17:19:35', 'N', 3),
	(148, '1077425428', 'g9kejvtti3uqn55nkpjoj8g1mv', 'http://localhost/turnos/', 'Mozilla/5.0 (Windows NT 10.0; Win64; x64) AppleWebKit/537.36 (KHTML, like Gecko) Chrome/90.0.4430.93 Safari/537.36', '::1', '2021-05-14 09:32:43', '2021-05-14 09:32:43', 'N', 2),
	(149, '1077461284', 'm52nv973i0lpfvtn9mqcirti94', 'http://localhost/turnos/', 'Mozilla/5.0 (Windows NT 10.0; Win64; x64) AppleWebKit/537.36 (KHTML, like Gecko) Chrome/90.0.4430.93 Safari/537.36', '::1', '2021-05-14 11:15:42', '2021-05-14 11:15:42', 'N', 1),
	(150, '12345', 'g9kejvtti3uqn55nkpjoj8g1mv', 'http://localhost/turnos/', 'Mozilla/5.0 (Windows NT 10.0; Win64; x64) AppleWebKit/537.36 (KHTML, like Gecko) Chrome/90.0.4430.93 Safari/537.36', '::1', '2021-05-14 16:38:51', '2021-05-14 16:38:51', 'N', 2),
	(151, '1077425428', 'g9kejvtti3uqn55nkpjoj8g1mv', 'http://localhost/turnos/', 'Mozilla/5.0 (Windows NT 10.0; Win64; x64) AppleWebKit/537.36 (KHTML, like Gecko) Chrome/90.0.4430.93 Safari/537.36', '::1', '2021-05-14 16:43:51', '2021-05-14 16:43:51', 'N', 2),
	(152, '12345', 'g9kejvtti3uqn55nkpjoj8g1mv', 'http://localhost/turnos/', 'Mozilla/5.0 (Windows NT 10.0; Win64; x64) AppleWebKit/537.36 (KHTML, like Gecko) Chrome/90.0.4430.93 Safari/537.36', '::1', '2021-05-15 07:14:37', '2021-05-15 07:14:37', 'N', 3),
	(153, '1077461284', 'm52nv973i0lpfvtn9mqcirti94', 'http://localhost/turnos/gestion-de-acciones', 'Mozilla/5.0 (Windows NT 10.0; Win64; x64) AppleWebKit/537.36 (KHTML, like Gecko) Chrome/90.0.4430.93 Safari/537.36', '::1', '2021-05-15 07:54:49', '2021-05-15 07:54:49', 'N', 1),
	(154, '123456789', 'g9kejvtti3uqn55nkpjoj8g1mv', 'http://localhost/turnos/', 'Mozilla/5.0 (Windows NT 10.0; Win64; x64) AppleWebKit/537.36 (KHTML, like Gecko) Chrome/90.0.4430.212 Safari/537.36', '::1', '2021-05-19 12:19:04', '2021-05-19 12:19:04', 'N', 2),
	(155, '1077461284', '5mmraeieemmtjlotpdjn9dt838', 'http://localhost/turnos/', 'Mozilla/5.0 (Windows NT 10.0; Win64; x64) AppleWebKit/537.36 (KHTML, like Gecko) Chrome/90.0.4430.212 Safari/537.36', '::1', '2021-05-19 12:20:23', '2021-05-19 12:20:23', 'N', 2),
	(156, '123456789', 'g9kejvtti3uqn55nkpjoj8g1mv', 'http://localhost/turnos/', 'Mozilla/5.0 (Windows NT 10.0; Win64; x64) AppleWebKit/537.36 (KHTML, like Gecko) Chrome/90.0.4430.212 Safari/537.36', '::1', '2021-05-20 09:28:58', '2021-05-20 09:28:58', 'N', 2),
	(157, '123456789', 'g9kejvtti3uqn55nkpjoj8g1mv', 'http://localhost/turnos/', 'Mozilla/5.0 (Windows NT 10.0; Win64; x64) AppleWebKit/537.36 (KHTML, like Gecko) Chrome/90.0.4430.212 Safari/537.36', '::1', '2021-05-20 10:27:48', '2021-05-20 10:27:48', 'N', 3),
	(158, '123456789', 'g9kejvtti3uqn55nkpjoj8g1mv', 'http://localhost/turnos/', 'Mozilla/5.0 (Windows NT 10.0; Win64; x64) AppleWebKit/537.36 (KHTML, like Gecko) Chrome/90.0.4430.212 Safari/537.36', '::1', '2021-05-20 10:30:58', '2021-05-20 10:30:58', 'N', 5),
	(159, '1077461284', 'g9kejvtti3uqn55nkpjoj8g1mv', 'http://localhost/turnos/', 'Mozilla/5.0 (Windows NT 10.0; Win64; x64) AppleWebKit/537.36 (KHTML, like Gecko) Chrome/90.0.4430.212 Safari/537.36', '::1', '2021-05-20 11:00:15', '2021-05-20 11:00:15', 'N', 4),
	(160, '1077461284', 'g9kejvtti3uqn55nkpjoj8g1mv', 'http://localhost/pqrs/', 'Mozilla/5.0 (Windows NT 10.0; Win64; x64) AppleWebKit/537.36 (KHTML, like Gecko) Chrome/90.0.4430.212 Safari/537.36', '::1', '2021-05-24 12:56:46', '2021-05-24 12:56:46', 'N', 4),
	(161, '1077461284', '5p0ape0vf6h2o0p6mjipnm68nv', 'http://localhost/PQRS/', 'Mozilla/5.0 (Windows NT 10.0; Win64; x64) AppleWebKit/537.36 (KHTML, like Gecko) Chrome/90.0.4430.212 Safari/537.36', '::1', '2021-05-24 13:14:50', '2021-05-24 13:14:50', 'N', 5),
	(162, '1077461284', '5p0ape0vf6h2o0p6mjipnm68nv', 'http://localhost/PQRS/', 'Mozilla/5.0 (Windows NT 10.0; Win64; x64) AppleWebKit/537.36 (KHTML, like Gecko) Chrome/90.0.4430.212 Safari/537.36', '::1', '2021-05-24 15:08:54', '2021-05-24 15:08:54', 'N', 5),
	(163, '1077461284', '5p0ape0vf6h2o0p6mjipnm68nv', 'http://localhost/PQRS/', 'Mozilla/5.0 (Windows NT 10.0; Win64; x64) AppleWebKit/537.36 (KHTML, like Gecko) Chrome/90.0.4430.212 Safari/537.36', '::1', '2021-05-24 16:54:44', '2021-05-24 16:54:44', 'N', 4),
	(164, '1077461284', '5p0ape0vf6h2o0p6mjipnm68nv', 'http://localhost/PQRS/', 'Mozilla/5.0 (Windows NT 10.0; Win64; x64) AppleWebKit/537.36 (KHTML, like Gecko) Chrome/90.0.4430.212 Safari/537.36', '::1', '2021-05-24 16:59:31', '2021-05-24 16:59:31', 'N', 1),
	(165, '1077461284', '5p0ape0vf6h2o0p6mjipnm68nv', 'http://localhost/PQRS/', 'Mozilla/5.0 (Windows NT 10.0; Win64; x64) AppleWebKit/537.36 (KHTML, like Gecko) Chrome/90.0.4430.212 Safari/537.36', '::1', '2021-05-24 18:28:46', '2021-05-24 18:28:46', 'N', 1),
	(166, '1077461284', '5p0ape0vf6h2o0p6mjipnm68nv', 'http://localhost/PQRS/sw.js', 'Mozilla/5.0 (Windows NT 10.0; Win64; x64) AppleWebKit/537.36 (KHTML, like Gecko) Chrome/90.0.4430.212 Safari/537.36', '::1', '2021-05-26 11:51:24', '2021-05-26 11:51:24', 'N', 5),
	(167, '1077461284', '5p0ape0vf6h2o0p6mjipnm68nv', 'http://localhost/PQRS_v2/iniciar-sesion', 'Mozilla/5.0 (Windows NT 10.0; Win64; x64) AppleWebKit/537.36 (KHTML, like Gecko) Chrome/90.0.4430.212 Safari/537.36', '::1', '2021-05-26 12:08:13', '2021-05-26 12:08:13', 'N', 5),
	(168, '1077461284', '5p0ape0vf6h2o0p6mjipnm68nv', 'http://localhost/PQRS_v2/iniciar-sesion', 'Mozilla/5.0 (Windows NT 10.0; Win64; x64) AppleWebKit/537.36 (KHTML, like Gecko) Chrome/90.0.4430.212 Safari/537.36', '::1', '2021-05-26 12:08:36', '2021-05-26 12:08:36', 'N', 4),
	(169, '1077461284', '5p0ape0vf6h2o0p6mjipnm68nv', 'http://localhost/PQRS_v2/iniciar-sesion', 'Mozilla/5.0 (Windows NT 10.0; Win64; x64) AppleWebKit/537.36 (KHTML, like Gecko) Chrome/90.0.4430.212 Safari/537.36', '::1', '2021-05-26 12:09:10', '2021-05-26 12:09:10', 'N', 3),
	(170, '1077461284', '5p0ape0vf6h2o0p6mjipnm68nv', 'http://localhost/PQRS_v4/', 'Mozilla/5.0 (Windows NT 10.0; Win64; x64) AppleWebKit/537.36 (KHTML, like Gecko) Chrome/90.0.4430.212 Safari/537.36', '::1', '2021-05-26 12:22:44', '2021-05-26 12:22:44', 'N', 2),
	(171, '1077461284', '5p0ape0vf6h2o0p6mjipnm68nv', 'http://localhost/PQRS_v4/', 'Mozilla/5.0 (Windows NT 10.0; Win64; x64) AppleWebKit/537.36 (KHTML, like Gecko) Chrome/90.0.4430.212 Safari/537.36', '::1', '2021-05-26 12:23:07', '2021-05-26 12:23:07', 'N', 3),
	(172, '1077461284', '5p0ape0vf6h2o0p6mjipnm68nv', 'http://localhost/PQRS_v4/iniciar-sesion', 'Mozilla/5.0 (Windows NT 10.0; Win64; x64) AppleWebKit/537.36 (KHTML, like Gecko) Chrome/90.0.4430.212 Safari/537.36', '::1', '2021-05-26 12:31:10', '2021-05-26 12:31:10', 'N', 4),
	(173, '1077461284', '5p0ape0vf6h2o0p6mjipnm68nv', 'http://localhost/PQRS_v4/', 'Mozilla/5.0 (Windows NT 10.0; Win64; x64) AppleWebKit/537.36 (KHTML, like Gecko) Chrome/90.0.4430.212 Safari/537.36', '::1', '2021-05-26 12:34:27', '2021-05-26 12:34:27', 'N', 3),
	(174, '1077461284', '5p0ape0vf6h2o0p6mjipnm68nv', 'http://localhost/pQRS/', 'Mozilla/5.0 (Windows NT 10.0; Win64; x64) AppleWebKit/537.36 (KHTML, like Gecko) Chrome/90.0.4430.212 Safari/537.36', '::1', '2021-05-26 12:44:16', '2021-05-26 12:44:16', 'N', 4),
	(175, '1077461284', '5p0ape0vf6h2o0p6mjipnm68nv', 'http://localhost/PQRS/', 'Mozilla/5.0 (Windows NT 10.0; Win64; x64) AppleWebKit/537.36 (KHTML, like Gecko) Chrome/90.0.4430.212 Safari/537.36', '::1', '2021-05-26 12:45:43', '2021-05-26 12:45:43', 'N', 2),
	(176, '1077461284', '5p0ape0vf6h2o0p6mjipnm68nv', 'http://localhost/PQRS/', 'Mozilla/5.0 (Windows NT 10.0; Win64; x64) AppleWebKit/537.36 (KHTML, like Gecko) Chrome/90.0.4430.212 Safari/537.36', '::1', '2021-05-28 16:10:50', '2021-05-28 16:10:50', 'N', 3),
	(177, '1077461284', '5p0ape0vf6h2o0p6mjipnm68nv', 'http://localhost/PQRS/', 'Mozilla/5.0 (Windows NT 10.0; Win64; x64) AppleWebKit/537.36 (KHTML, like Gecko) Chrome/90.0.4430.212 Safari/537.36', '::1', '2021-05-28 16:28:51', '2021-05-28 16:28:51', 'N', 4),
	(178, '1077461284', '5p0ape0vf6h2o0p6mjipnm68nv', 'http://localhost/PQRS/', 'Mozilla/5.0 (Windows NT 10.0; Win64; x64) AppleWebKit/537.36 (KHTML, like Gecko) Chrome/90.0.4430.212 Safari/537.36', '::1', '2021-05-28 16:30:04', '2021-05-28 16:30:04', 'N', 5),
	(179, '1077461284', '5p0ape0vf6h2o0p6mjipnm68nv', 'http://localhost/PQRS/', 'Mozilla/5.0 (Windows NT 10.0; Win64; x64) AppleWebKit/537.36 (KHTML, like Gecko) Chrome/90.0.4430.212 Safari/537.36', '::1', '2021-05-28 16:30:13', '2021-05-28 16:30:13', 'N', 1),
	(180, '1077461284', '5p0ape0vf6h2o0p6mjipnm68nv', 'http://localhost/PQRS/', 'Mozilla/5.0 (Windows NT 10.0; Win64; x64) AppleWebKit/537.36 (KHTML, like Gecko) Chrome/90.0.4430.212 Safari/537.36', '::1', '2021-05-28 16:30:22', '2021-05-28 16:30:22', 'N', 4),
	(181, '1077461284', '5p0ape0vf6h2o0p6mjipnm68nv', 'http://localhost/PQRS/', 'Mozilla/5.0 (Windows NT 10.0; Win64; x64) AppleWebKit/537.36 (KHTML, like Gecko) Chrome/91.0.4472.77 Safari/537.36', '::1', '2021-05-31 14:25:30', '2021-05-31 14:25:30', 'N', 4),
	(182, '1077461284', '5p0ape0vf6h2o0p6mjipnm68nv', 'http://localhost/PQRS/', 'Mozilla/5.0 (Windows NT 10.0; Win64; x64) AppleWebKit/537.36 (KHTML, like Gecko) Chrome/91.0.4472.77 Safari/537.36', '::1', '2021-06-01 11:36:43', '2021-06-01 11:36:43', 'N', 3),
	(183, '1077461284', 'kf1a4acfkbi7jpkqsub8oql3ph', 'http://localhost/pqrs/', 'Mozilla/5.0 (Windows NT 10.0; Win64; x64) AppleWebKit/537.36 (KHTML, like Gecko) Chrome/91.0.4472.77 Safari/537.36', '::1', '2021-06-04 14:00:22', '2021-06-04 14:00:22', 'N', 1),
	(184, '1077461284', 'kf1a4acfkbi7jpkqsub8oql3ph', 'http://localhost/pqrs/', 'Mozilla/5.0 (Windows NT 10.0; Win64; x64) AppleWebKit/537.36 (KHTML, like Gecko) Chrome/91.0.4472.77 Safari/537.36', '::1', '2021-06-05 13:00:06', '2021-06-05 13:00:06', 'N', 1),
	(185, '1077461284', 'kf1a4acfkbi7jpkqsub8oql3ph', 'http://localhost/PQRS/', 'Mozilla/5.0 (Windows NT 10.0; Win64; x64) AppleWebKit/537.36 (KHTML, like Gecko) Chrome/91.0.4472.77 Safari/537.36', '::1', '2021-06-05 15:26:10', '2021-06-05 15:26:10', 'N', 3),
	(186, '1077461284', 'kf1a4acfkbi7jpkqsub8oql3ph', 'http://localhost/PQRS/', 'Mozilla/5.0 (Windows NT 10.0; Win64; x64) AppleWebKit/537.36 (KHTML, like Gecko) Chrome/91.0.4472.77 Safari/537.36', '::1', '2021-06-10 11:16:45', '2021-06-10 11:16:45', 'N', 3),
	(187, '1077461284', 'kf1a4acfkbi7jpkqsub8oql3ph', 'http://localhost/pqrs/', 'Mozilla/5.0 (Windows NT 10.0; Win64; x64) AppleWebKit/537.36 (KHTML, like Gecko) Chrome/91.0.4472.77 Safari/537.36', '::1', '2021-06-11 11:05:49', '2021-06-11 11:05:49', 'N', 2),
	(188, '1077461284', 'h88tdr907ui3o06ovk6ig67tgm', 'http://localhost/tablero_mantis/', 'Mozilla/5.0 (Windows NT 10.0; Win64; x64) AppleWebKit/537.36 (KHTML, like Gecko) Chrome/91.0.4472.124 Safari/537.36', '::1', '2021-07-15 09:29:27', '2021-07-15 09:29:27', 'N', 2),
	(189, '1077461284', 'h88tdr907ui3o06ovk6ig67tgm', 'http://localhost/tablero_mantis/', 'Mozilla/5.0 (Windows NT 10.0; Win64; x64) AppleWebKit/537.36 (KHTML, like Gecko) Chrome/91.0.4472.124 Safari/537.36', '::1', '2021-07-16 11:54:19', '2021-07-16 11:54:19', 'N', 3),
	(190, '1077461284', 'fodfu0nsahfpev4qjq14fjhk5k', 'http://localhost/tablero_mantis/', 'Mozilla/5.0 (Windows NT 10.0; Win64; x64) AppleWebKit/537.36 (KHTML, like Gecko) Chrome/91.0.4472.124 Safari/537.36', '::1', '2021-07-17 16:56:01', '2021-07-17 16:56:01', 'N', 1),
	(191, '1077461284', 'fodfu0nsahfpev4qjq14fjhk5k', 'http://localhost/tablero_mantis/reporte-actividades', 'Mozilla/5.0 (Windows NT 10.0; Win64; x64) AppleWebKit/537.36 (KHTML, like Gecko) Chrome/91.0.4472.124 Safari/537.36', '::1', '2021-07-19 08:08:39', '2021-07-19 08:08:39', 'N', 4),
	(192, '1077461284', 'fodfu0nsahfpev4qjq14fjhk5k', 'http://localhost/tablero_mantis/', 'Mozilla/5.0 (Windows NT 10.0; Win64; x64) AppleWebKit/537.36 (KHTML, like Gecko) Chrome/91.0.4472.124 Safari/537.36', '::1', '2021-07-29 20:12:33', '2021-07-29 20:12:33', 'N', 5),
	(193, '1077461284', 'fodfu0nsahfpev4qjq14fjhk5k', 'http://localhost/tablero_mantis/', 'Mozilla/5.0 (Windows NT 10.0; Win64; x64) AppleWebKit/537.36 (KHTML, like Gecko) Chrome/91.0.4472.124 Safari/537.36', '::1', '2021-07-30 19:23:40', '2021-07-30 19:23:40', 'N', 5),
	(194, '1077461284', 'l30tuhk5j93pqd2nk55vcqh4ag', 'http://localhost/lia/iniciar-sesion', 'Mozilla/5.0 (Windows NT 10.0; Win64; x64) AppleWebKit/537.36 (KHTML, like Gecko) Chrome/91.0.4472.124 Safari/537.36', '::1', '2021-08-13 15:04:33', '2021-08-13 15:04:33', 'N', 5),
	(195, '91524926', 'gr157sl9p6ce3td2s56o7co1e7', 'http://localhost/README/', 'Mozilla/5.0 (Windows NT 10.0; Win64; x64) AppleWebKit/537.36 (KHTML, like Gecko) Chrome/107.0.0.0 Safari/537.36', '::1', '2022-11-18 12:07:59', '2022-11-18 12:07:59', 'N', 1),
	(196, '1234567890', 'gr157sl9p6ce3td2s56o7co1e7', 'http://localhost/README/', 'Mozilla/5.0 (Windows NT 10.0; Win64; x64) AppleWebKit/537.36 (KHTML, like Gecko) Chrome/107.0.0.0 Safari/537.36', '::1', '2022-11-18 12:22:18', '2022-11-18 12:22:18', 'N', 3),
	(197, '1234567890', 'gr157sl9p6ce3td2s56o7co1e7', 'http://localhost/README/', 'Mozilla/5.0 (Windows NT 10.0; Win64; x64) AppleWebKit/537.36 (KHTML, like Gecko) Chrome/107.0.0.0 Safari/537.36', '::1', '2022-11-18 12:31:52', '2022-11-18 12:31:52', 'N', 4),
	(198, '1234567890', 'gr157sl9p6ce3td2s56o7co1e7', 'http://localhost/README/iniciar-sesion', 'Mozilla/5.0 (Windows NT 10.0; Win64; x64) AppleWebKit/537.36 (KHTML, like Gecko) Chrome/107.0.0.0 Safari/537.36', '::1', '2022-11-18 19:19:18', '2022-11-18 19:19:18', 'N', 1),
	(199, '123456789', 'gr157sl9p6ce3td2s56o7co1e7', 'http://localhost/README/', 'Mozilla/5.0 (Windows NT 10.0; Win64; x64) AppleWebKit/537.36 (KHTML, like Gecko) Chrome/107.0.0.0 Safari/537.36', '::1', '2022-11-18 20:26:06', '2022-11-18 20:26:06', 'N', 1),
	(200, '1234567890', 'gr157sl9p6ce3td2s56o7co1e7', 'http://localhost/README/', 'Mozilla/5.0 (Windows NT 10.0; Win64; x64) AppleWebKit/537.36 (KHTML, like Gecko) Chrome/107.0.0.0 Safari/537.36', '::1', '2022-11-18 20:53:25', '2022-11-18 20:53:25', 'N', 3);

-- Volcando estructura para tabla konecta.admin_sesion_denegada
CREATE TABLE IF NOT EXISTS `admin_sesion_denegada` (
  `id` int(11) NOT NULL AUTO_INCREMENT,
  `usuario` varchar(45) NOT NULL,
  `fecha` datetime NOT NULL,
  `session_id` varchar(45) NOT NULL,
  `refer` varchar(45) NOT NULL,
  `user_agent` varchar(500) NOT NULL,
  `ip` varchar(45) NOT NULL,
  `tipo` char(1) NOT NULL,
  PRIMARY KEY (`id`),
  KEY `index2` (`usuario`),
  KEY `admin_sesion_denegada_fk1_idx` (`tipo`),
  CONSTRAINT `admin_sesion_denegada_fk1` FOREIGN KEY (`tipo`) REFERENCES `admin_tipo_denegacion` (`codigo`)
) ENGINE=InnoDB AUTO_INCREMENT=19 DEFAULT CHARSET=utf8;

-- Volcando datos para la tabla konecta.admin_sesion_denegada: ~3 rows (aproximadamente)
INSERT INTO `admin_sesion_denegada` (`id`, `usuario`, `fecha`, `session_id`, `refer`, `user_agent`, `ip`, `tipo`) VALUES
	(1, 'FGARCIA', '2021-06-10 11:16:41', 'kf1a4acfkbi7jpkqsub8oql3ph', 'http://localhost/PQRS/', 'Mozilla/5.0 (Windows NT 10.0; Win64; x64) AppleWebKit/537.36 (KHTML, like Gecko) Chrome/91.0.4472.77 Safari/537.36', '::1', '1'),
	(17, 'FGARCIA', '2021-08-13 15:04:27', 'l30tuhk5j93pqd2nk55vcqh4ag', 'http://localhost/lia/iniciar-sesion', 'Mozilla/5.0 (Windows NT 10.0; Win64; x64) AppleWebKit/537.36 (KHTML, like Gecko) Chrome/91.0.4472.124 Safari/537.36', '::1', '1'),
	(18, 'lehernandez', '2022-11-18 12:18:12', 'gr157sl9p6ce3td2s56o7co1e7', 'http://localhost/README/', 'Mozilla/5.0 (Windows NT 10.0; Win64; x64) AppleWebKit/537.36 (KHTML, like Gecko) Chrome/107.0.0.0 Safari/537.36', '::1', '4');

-- Volcando estructura para tabla konecta.admin_tipo_accion
CREATE TABLE IF NOT EXISTS `admin_tipo_accion` (
  `codigo` varchar(50) NOT NULL,
  `archivo` varchar(45) NOT NULL,
  PRIMARY KEY (`codigo`)
) ENGINE=InnoDB DEFAULT CHARSET=utf8;

-- Volcando datos para la tabla konecta.admin_tipo_accion: ~5 rows (aproximadamente)
INSERT INTO `admin_tipo_accion` (`codigo`, `archivo`) VALUES
	('descarga', 'descarga.php'),
	('html', 'descarga.php'),
	('json', 'descarga.php'),
	('pagina', 'pagina.php'),
	('texto', 'descarga.php');

-- Volcando estructura para tabla konecta.admin_tipo_bitacora
CREATE TABLE IF NOT EXISTS `admin_tipo_bitacora` (
  `id` int(11) NOT NULL AUTO_INCREMENT,
  `nombre` varchar(145) NOT NULL,
  PRIMARY KEY (`id`)
) ENGINE=InnoDB AUTO_INCREMENT=11 DEFAULT CHARSET=utf8;

-- Volcando datos para la tabla konecta.admin_tipo_bitacora: ~5 rows (aproximadamente)
INSERT INTO `admin_tipo_bitacora` (`id`, `nombre`) VALUES
	(1, 'Agregar CRUD'),
	(2, 'Eliminar CRUD'),
	(3, 'Modificar CRUD'),
	(9, 'Cerró Turno'),
	(10, 'Actualizo Centro de Atención');

-- Volcando estructura para tabla konecta.admin_tipo_denegacion
CREATE TABLE IF NOT EXISTS `admin_tipo_denegacion` (
  `codigo` char(1) NOT NULL,
  `nombre` varchar(45) DEFAULT NULL,
  PRIMARY KEY (`codigo`)
) ENGINE=InnoDB DEFAULT CHARSET=utf8;

-- Volcando datos para la tabla konecta.admin_tipo_denegacion: ~5 rows (aproximadamente)
INSERT INTO `admin_tipo_denegacion` (`codigo`, `nombre`) VALUES
	('1', 'Usuario o clave incorrecta'),
	('2', 'No tiene rol para este aplicativo'),
	('3', 'Ya habia iniciado sesión previamente'),
	('4', 'Error de validación'),
	('5', 'Error al crear la sesion en la base de datos');

-- Volcando estructura para tabla konecta.admin_usuario
CREATE TABLE IF NOT EXISTS `admin_usuario` (
  `persona_id` int(11) NOT NULL,
  `rol` int(11) NOT NULL,
  `_usuario` varchar(15) NOT NULL,
  `_fecha` datetime NOT NULL,
  PRIMARY KEY (`persona_id`),
  KEY `admin_usuario_fk1_idx` (`rol`)
) ENGINE=InnoDB DEFAULT CHARSET=utf8;

-- Volcando datos para la tabla konecta.admin_usuario: ~1 rows (aproximadamente)
INSERT INTO `admin_usuario` (`persona_id`, `rol`, `_usuario`, `_fecha`) VALUES
	(1, 4, '1077461284', '2020-09-15 11:14:55'),
	(2, 5, '1234567890', '2022-11-18 20:25:01');

-- Volcando estructura para tabla konecta.categoria
CREATE TABLE IF NOT EXISTS `categoria` (
  `id` int(11) NOT NULL AUTO_INCREMENT,
  `nombre` varchar(50) NOT NULL,
  `visible` int(10) NOT NULL,
  PRIMARY KEY (`id`),
  KEY `visible` (`visible`),
  CONSTRAINT `FK_categoria_visible` FOREIGN KEY (`visible`) REFERENCES `visible` (`id`) ON DELETE NO ACTION ON UPDATE CASCADE
) ENGINE=InnoDB AUTO_INCREMENT=4 DEFAULT CHARSET=utf8;

-- Volcando datos para la tabla konecta.categoria: ~1 rows (aproximadamente)
INSERT INTO `categoria` (`id`, `nombre`, `visible`) VALUES
	(1, 'Lacteos', 1),
	(2, 'Carnes', 1),
	(3, 'Teléfono celulares', 1);

-- Volcando estructura para tabla konecta.detalle
CREATE TABLE IF NOT EXISTS `detalle` (
  `id` int(11) NOT NULL AUTO_INCREMENT,
  `cantidad` int(11) NOT NULL,
  `id_producto` int(11) NOT NULL,
  `valor_total` int(11) DEFAULT NULL,
  PRIMARY KEY (`id`),
  KEY `id_producto` (`id_producto`)
) ENGINE=InnoDB AUTO_INCREMENT=24 DEFAULT CHARSET=utf8;

-- Volcando datos para la tabla konecta.detalle: ~15 rows (aproximadamente)
INSERT INTO `detalle` (`id`, `cantidad`, `id_producto`, `valor_total`) VALUES
	(1, 1, 1, NULL),
	(2, 1, 1, NULL),
	(3, 1, 1, NULL),
	(4, 1, 1, NULL),
	(5, 1, 1, NULL),
	(6, 3, 1, NULL),
	(7, 3, 1, NULL),
	(8, 3, 1, NULL),
	(9, 3, 1, NULL),
	(10, 3, 1, NULL),
	(11, 3, 1, NULL),
	(12, 2, 1, 88),
	(13, 1, 1, 44),
	(14, 18, 3, 594),
	(15, 1, 1, 44),
	(16, 1, 3, 33),
	(17, 1, 3, 33),
	(18, 1, 3, 33),
	(19, 1, 3, 33),
	(20, 1, 3, 33),
	(21, 1, 5, 900000),
	(22, 1, 4, 500),
	(23, 1, 5, 900000);

-- Volcando estructura para tabla konecta.personas
CREATE TABLE IF NOT EXISTS `personas` (
  `id` int(11) NOT NULL AUTO_INCREMENT,
  `user` varchar(50) DEFAULT NULL,
  `tipo_identificacion_id` int(11) NOT NULL,
  `identificacion` varchar(50) NOT NULL,
  `nombre1` varchar(50) NOT NULL,
  `nombre2` varchar(50) DEFAULT NULL,
  `apellido1` varchar(50) NOT NULL,
  `apellido2` varchar(50) DEFAULT NULL,
  PRIMARY KEY (`id`),
  KEY `tipo_identificacion_id` (`tipo_identificacion_id`)
) ENGINE=MyISAM AUTO_INCREMENT=3 DEFAULT CHARSET=utf8;

-- Volcando datos para la tabla konecta.personas: 2 rows
/*!40000 ALTER TABLE `personas` DISABLE KEYS */;
INSERT INTO `personas` (`id`, `user`, `tipo_identificacion_id`, `identificacion`, `nombre1`, `nombre2`, `apellido1`, `apellido2`) VALUES
	(1, 'lehernandez', 1, '1234567890', 'DDDD', NULL, 'DDDDDD', NULL),
	(2, 'konecta', 1, '123456789', 'Prueba', NULL, 'konecta', NULL);
/*!40000 ALTER TABLE `personas` ENABLE KEYS */;

-- Volcando estructura para tabla konecta.productos
CREATE TABLE IF NOT EXISTS `productos` (
  `id` int(11) NOT NULL AUTO_INCREMENT,
  `nombre_producto` varchar(200) NOT NULL,
  `referencia` text NOT NULL,
  `precio` int(11) NOT NULL,
  `peso` int(11) NOT NULL,
  `id_unidad_masa` int(11) NOT NULL,
  `id_categoria` int(11) NOT NULL,
  `stock` int(11) NOT NULL DEFAULT '0',
  `fecha_creacion` date NOT NULL,
  PRIMARY KEY (`id`),
  KEY `id_categoria` (`id_categoria`),
  KEY `id_unidad_masa` (`id_unidad_masa`),
  CONSTRAINT `FK_productos_categoria` FOREIGN KEY (`id_categoria`) REFERENCES `categoria` (`id`) ON DELETE NO ACTION ON UPDATE CASCADE,
  CONSTRAINT `FK_productos_unidad_masa` FOREIGN KEY (`id_unidad_masa`) REFERENCES `unidad_masa` (`id`) ON DELETE NO ACTION ON UPDATE CASCADE
) ENGINE=InnoDB AUTO_INCREMENT=6 DEFAULT CHARSET=utf8;

-- Volcando datos para la tabla konecta.productos: ~2 rows (aproximadamente)
INSERT INTO `productos` (`id`, `nombre_producto`, `referencia`, `precio`, `peso`, `id_unidad_masa`, `id_categoria`, `stock`, `fecha_creacion`) VALUES
	(4, 'Yogur', 'Producto de marca alpina', 500, 10, 1, 1, 3, '2022-11-24'),
	(5, 'Xiaomi Redmi 10A 32GB 4G', 'Cuando tienes un universo de tecnología. Financia tu universo de tecnología. Compra Online. 100% digital. Beneficios clientes Claro. Cobertura de seguro: Pregunta frecuentes, Cómo reportar celular, Beneficios ClaroUp', 900000, 9, 3, 3, 2, '2022-11-24');

-- Volcando estructura para tabla konecta.si_no
CREATE TABLE IF NOT EXISTS `si_no` (
  `id` int(11) NOT NULL AUTO_INCREMENT,
  `nombre` varchar(245) DEFAULT NULL,
  PRIMARY KEY (`id`)
) ENGINE=InnoDB AUTO_INCREMENT=3 DEFAULT CHARSET=utf8;

-- Volcando datos para la tabla konecta.si_no: ~2 rows (aproximadamente)
INSERT INTO `si_no` (`id`, `nombre`) VALUES
	(1, 'SI'),
	(2, 'NO');

-- Volcando estructura para tabla konecta.time_festivos
CREATE TABLE IF NOT EXISTS `time_festivos` (
  `id` int(11) NOT NULL AUTO_INCREMENT,
  `fecha` date DEFAULT NULL,
  PRIMARY KEY (`id`)
) ENGINE=InnoDB DEFAULT CHARSET=utf8;

-- Volcando datos para la tabla konecta.time_festivos: ~0 rows (aproximadamente)

-- Volcando estructura para tabla konecta.tipo_salas
CREATE TABLE IF NOT EXISTS `tipo_salas` (
  `id` int(11) NOT NULL AUTO_INCREMENT,
  `nombre` varchar(145) NOT NULL,
  `visible` int(11) NOT NULL DEFAULT '1',
  `fechar` timestamp NOT NULL DEFAULT CURRENT_TIMESTAMP,
  PRIMARY KEY (`id`),
  KEY `visible` (`visible`),
  CONSTRAINT `tipo_salas_ibfk_1` FOREIGN KEY (`visible`) REFERENCES `visible` (`id`) ON UPDATE CASCADE
) ENGINE=InnoDB AUTO_INCREMENT=4 DEFAULT CHARSET=utf8;

-- Volcando datos para la tabla konecta.tipo_salas: ~0 rows (aproximadamente)

-- Volcando estructura para tabla konecta.tipo_solicitud
CREATE TABLE IF NOT EXISTS `tipo_solicitud` (
  `id` int(11) NOT NULL AUTO_INCREMENT,
  `nombre` varchar(250) DEFAULT NULL,
  PRIMARY KEY (`id`)
) ENGINE=InnoDB AUTO_INCREMENT=5 DEFAULT CHARSET=utf8;

-- Volcando datos para la tabla konecta.tipo_solicitud: ~0 rows (aproximadamente)

-- Volcando estructura para tabla konecta.ubicacion
CREATE TABLE IF NOT EXISTS `ubicacion` (
  `id` int(11) NOT NULL AUTO_INCREMENT,
  `nombre` varchar(145) NOT NULL,
  PRIMARY KEY (`id`)
) ENGINE=InnoDB AUTO_INCREMENT=6 DEFAULT CHARSET=utf8;

-- Volcando datos para la tabla konecta.ubicacion: ~0 rows (aproximadamente)

-- Volcando estructura para tabla konecta.unidad_masa
CREATE TABLE IF NOT EXISTS `unidad_masa` (
  `id` int(11) NOT NULL AUTO_INCREMENT,
  `nombre` varchar(30) NOT NULL,
  `sigla` varchar(5) NOT NULL,
  `visible` int(11) NOT NULL,
  PRIMARY KEY (`id`),
  KEY `visible` (`visible`),
  CONSTRAINT `FK_unidad_masa_visible` FOREIGN KEY (`visible`) REFERENCES `visible` (`id`) ON DELETE NO ACTION ON UPDATE CASCADE
) ENGINE=InnoDB AUTO_INCREMENT=5 DEFAULT CHARSET=utf8;

-- Volcando datos para la tabla konecta.unidad_masa: ~1 rows (aproximadamente)
INSERT INTO `unidad_masa` (`id`, `nombre`, `sigla`, `visible`) VALUES
	(1, 'Kilogramo', 'KG', 1),
	(2, 'Libra', 'Lb', 1),
	(3, 'Onza', 'Oz', 1),
	(4, 'Prueba', 'p', 2);

-- Volcando estructura para tabla konecta.visible
CREATE TABLE IF NOT EXISTS `visible` (
  `id` int(11) NOT NULL AUTO_INCREMENT,
  `nombre` varchar(125) NOT NULL,
  PRIMARY KEY (`id`)
) ENGINE=InnoDB AUTO_INCREMENT=3 DEFAULT CHARSET=utf8;

-- Volcando datos para la tabla konecta.visible: ~2 rows (aproximadamente)
INSERT INTO `visible` (`id`, `nombre`) VALUES
	(1, 'SI'),
	(2, 'NO');

/*!40103 SET TIME_ZONE=IFNULL(@OLD_TIME_ZONE, 'system') */;
/*!40101 SET SQL_MODE=IFNULL(@OLD_SQL_MODE, '') */;
/*!40014 SET FOREIGN_KEY_CHECKS=IFNULL(@OLD_FOREIGN_KEY_CHECKS, 1) */;
/*!40101 SET CHARACTER_SET_CLIENT=@OLD_CHARACTER_SET_CLIENT */;
/*!40111 SET SQL_NOTES=IFNULL(@OLD_SQL_NOTES, 1) */;
